"video_id","title","publishedAt","duration","likeCount","viewCount","commentCount"
"lVylRtlPOIE","We Helped 100 Kids Fight Cancer","2026-07-25T16:00:05Z","PT14M35S","524459","9221591","35421"
"Df5Y-2ndQyU","Read My Book, You Could Win $1,000,000","2026-07-17T16:00:06Z","PT33S","280887","7431645","14200"
"egvLKQe6I4I","Don't Pop the Balloon","2026-07-10T16:00:09Z","PT51S","2186073","84985318","16164"
"LgbyEFILLJI","$1 vs $10,000 Cake","2026-07-03T16:00:02Z","PT49S","2019297","83083089","15324"
"iYlODtkyw_I","Survive 30 Days Chained To A Stranger, Win $250,000","2026-06-27T16:00:05Z","PT35M5S","1562826","79698332","92424"
"YA_kX8hu1gg","This Plane Takes Off in 12 Seconds","2026-06-26T16:00:01Z","PT20S","912528","30946546","18172"
"XCGVurja73c","I Raced The Fastest Man On Earth","2026-06-24T16:00:14Z","PT25S","2029675","84632573","16170"
"r9aWeGqp43s","We Made Make-A-Wish Kids’ Dreams Come True","2026-06-17T17:00:21Z","PT39S","608251","16387250","20762"
"xDuuM3ERr5Q","Guess The Youtuber = Win $1,000","2026-06-14T16:00:01Z","PT52S","2649064","141199402","24285"
"__fmDj0ZJ1Q","50 YouTube Legends Fight For $1,000,000","2026-06-13T16:00:00Z","PT32M8S","2175998","75636502","142763"
"xCl2gndzFqE","POV: You Time Traveled Back to 2016","2026-06-12T16:00:05Z","PT48S","456106","13824310","21351"
"GpQSUjNsNm0","7 Days Stranded in The Arctic","2026-05-30T16:00:02Z","PT32M15S","2533875","102685771","100793"
"y1UVAtHALaA","I Surprised a Random Subscriber With $10,000","2026-05-29T16:00:07Z","PT36S","5794397","269968720","67156"
"hYahU_Cqwp8","YouTube CEO Has A Surprise For Me","2026-05-22T16:00:04Z","PT33S","5004772","461301625","46836"
"SllXaJiQjBA","Every Youtube Play Button","2026-05-19T16:00:02Z","PT18S","3040342","391168105","39468"
"dqpCvSU-ECE","Can He Make This Shot?","2026-05-17T16:00:00Z","PT13S","2670203","389326781","24213"
"AaMdXZMvT3w","Survive 30 Days On An Island With Your Ex, Win $250,000","2026-05-16T16:00:01Z","PT39M9S","1940038","95437593","138322"
"QAkEMtJpq3c","Hit The Button, Win $1,000","2026-05-15T16:00:10Z","PT22S","3646670","652540097","87148"
"hCuqh2NU2Yg","World's Fastest Date","2026-05-12T16:00:07Z","PT32S","5684493","420351651","22126"
"B9LizOAAoLg","I’m Granting Wishes For My Subscribers","2026-05-07T16:00:00Z","PT17S","5984927","697850465","1074115"
"rqsRdfdN4uI","Guess The Animal","2026-05-05T16:00:02Z","PT47S","6480835","721107247","18974"
"feu5PQvoCiA","Asking My Fiancée on a Date","2026-05-03T16:00:11Z","PT9S","459384","17769151","12343"
"6Zy5VLcEbZc","I Stranded 100 People In The Wilderness For $250,000","2026-05-02T16:00:01Z","PT37M","2686216","143178598","1406166"
"EdT5Z16Y5WE","Would Your Dog Pick $10,000 or Steak?","2026-04-29T16:00:05Z","PT32S","1535784","76961940","12389"
"ScjQAcbA9e4","Important Announcement From The Grocery Store","2026-04-28T16:00:24Z","PT13S","611045","20401023","16734"
"hRBpDdWbUpI","Can My Fiancée Lift Me?","2026-04-27T19:01:02Z","PT17S","444490","20817811","9449"
"pzxtGL9kzPs","Try Not To Get Slimed","2026-04-24T16:00:00Z","PT32S","1534719","146309550","13664"
"yy-Nt0dRhNI","Winner Picks Our Honeymoon","2026-04-21T16:00:02Z","PT52S","2356095","150858709","18608"
"zRtGL0-5rg4","Last To Leave Grocery Store, Wins $250,000","2026-04-18T16:00:01Z","PT42M57S","3307139","173154938","171047"
"mFWpUx3FiyU","Guess The Animal","2026-04-17T16:00:01Z","PT45S","2922169","206358155","12802"
"6W_841xoprg","Can a Window Stop a Wrecking Ball?","2026-04-14T16:00:01Z","PT30S","2042094","106162664","12150"
"VIJLIo5yT1I","Don’t Eat The Spicy Yoshi Egg","2026-04-10T16:00:00Z","PT56S","2644961","158422469","13906"
"uNu6XEPTy5g","$1 or Mystery Vial?","2026-04-07T16:00:04Z","PT35S","1581743","55978902","15217"
"DXVHmGoCTco","50 Streamers Fight for $1,000,000","2026-04-04T16:00:01Z","PT49M31S","2662892","116611290","172257"
"_JUlWtSCNbs","Who's The Strongest Streamer?","2026-04-03T16:00:06Z","PT26S","8971341","809962476","21099"
"AKC50SZQFN8","Spreading Rumors About Streamers","2026-04-02T16:00:00Z","PT36S","474577","18018891","8146"
"897gvApD6V4","Will a Zebra Subscribe to me?","2026-04-01T16:00:01Z","PT8S","3611856","757663026","23256"
"Z9NxQdQ8Rpg","Bring Me A Glass Of Water = Win $10,000","2026-03-26T19:00:02Z","PT41S","1268896","46832331","15495"
"JFtlf8RoPZY","Trapped On An Island Until I Build A Boat","2026-03-21T16:00:00Z","PT30M13S","2989782","149121607","119667"
"jCE1Ol3PYDs","I Hid $1,000,000 In This Vault","2026-03-20T16:00:03Z","PT58S","2464479","135958992","20864"
"IqL-ZunFfpk","Pop The Balloons, Win $10,000","2026-03-17T16:00:04Z","PT22S","2117864","113375008","14064"
"purAsH7pXTQ","5 Strangers Split $100,000","2026-03-13T16:00:00Z","PT1M4S","2468506","95230892","22131"
"IEuDUhGIJ5c","My Chocolate Factory Blew Up","2026-03-10T16:00:01Z","PT1M10S","959062","19811482","20077"
"AoN1K4c7VKE","Survive 30 Days Stranded With Your Ex, Win $250,000","2026-03-07T17:00:02Z","PT30M4S","2509723","132150017","151823"
"IcuJ3vO_t3k","Would You Steal Money From A Stranger?","2026-03-06T18:00:01Z","PT27S","2389215","93993783","11530"
"c9VS_cgInT4","Subscribe, I’ll Double Your Bank Account","2026-02-28T20:00:03Z","PT31S","3173978","355499317","26633"
"KaUuPNYHFNg","I Built a School in Mexico","2026-02-22T17:00:00Z","PT40S","1038212","28170351","16475"
"5OLs1GWB4OA","I Built 10 Schools Around The World","2026-02-21T17:00:07Z","PT16M5S","2438595","76131014","97024"
"hjkbqeWQAM8","Every Step You Take, Win $1,000","2026-02-18T20:00:03Z","PT42S","1777161","137629897","9480"
"XbaZ45LVzzM","Surprising My Fiancée With A Chocolate Heart","2026-02-12T17:00:01Z","PT37S","2627769","119771877","18416"
"gar4U3n-ILY","Guess What Age Punched You","2026-02-09T17:00:00Z","PT37S","5306228","414203781","33623"
"9WEQts7b8Pw","Ages 1 - 100 Race For $250,000!","2026-02-07T17:00:01Z","PT23M31S","1801439","140565581","88135"
"toIeUtplfWQ","Is Being Smart or Strong Better?","2026-02-06T20:00:08Z","PT40S","2926797","170855388","11033"
"_sBRk9ADpK8","Flip a Coin, Win $30,000","2026-01-27T17:00:03Z","PT47S","9145874","1164290328","40390"
"kNLr-cduzuo","Wait... Was He Famous?","2026-01-25T20:00:01Z","PT14S","3995331","186197077","34108"
"pAnGwRiQ4-4","$1 vs $1,000,000,000 Futuristic Tech!","2026-01-24T17:00:01Z","PT23M4S","3213004","161664416","91033"
"wSh8fAFWEWs","Survivor vs Beast Games","2026-01-16T19:00:01Z","PT28S","892583","37865599","14546"
"3GNyw4uaAqU","Subscribe for an iPhone","2026-01-13T19:00:04Z","PT15S","6795376","1222034159","180766"
"ywIcdSNJolo","Pass the Phone","2026-01-09T19:00:05Z","PT23S","2136214","113395686","14100"
"QJI0an6irrA","30 Celebrities Fight For $1,000,000!","2026-01-07T20:00:09Z","PT41M39S","2683023","132850230","119561"
"mktYW177p6U","Guess the Animal","2026-01-06T17:00:02Z","PT53S","6315965","521229252","20546"
"7aE4EhHXzlA","I Paid Everyone Stuck in Traffic","2025-12-26T17:00:05Z","PT27S","2809396","100855059","41321"
"IJkB-oapuks","Giving Away $1,000,000 in Gifts To My Subscribers","2025-12-21T17:00:01Z","PT19S","8490210","1221852344","193206"
"ZFoNBxpXen4","Survive 30 Days Trapped In The Sky, Win $250,000","2025-12-20T17:00:01Z","PT37M26S","3099226","204449424","114374"
"RB71Z-vVvCc","Find The Real Celebrity, Win $10,000","2025-12-19T17:00:02Z","PT33S","4630262","258307575","15895"
"fO5FwBcCJBY","Would You Date Him for $10,000?","2025-12-12T17:00:03Z","PT33S","4084722","177057561","26140"
"U-x6KxH1kB4","How Many People to Pull a Plane?","2025-12-06T19:55:52Z","PT27S","976215","48284523","14236"
"8bMh8azh3CY","100 Pilots Fight For A Private Jet","2025-12-06T17:00:01Z","PT28M46S","1978946","157992799","74520"
"SE9xF1l3ZwE","Hit The Target, Keep The Prize","2025-12-05T17:00:03Z","PT26S","1316431","60726056","10598"
"rF00lQ_upzg","Whatever You Hold Onto, You Keep","2025-12-02T20:00:01Z","PT26S","1125478","88015671","13190"
"uZY9xr-QAk0","Flip a Coin, I’ll Pay For Your College","2025-11-28T17:00:01Z","PT34S","6236350","358353916","31220"
"AWBsoArakNY","Who Has The Fastest Reaction Time?","2025-11-25T17:00:00Z","PT31S","1919620","96029766","8769"
"Ah_uuTwGOYU","World's Strongest Man Vs Robot","2025-11-22T17:00:01Z","PT18M24S","2144433","132704810","67687"
"HISfrcjiNPM","I Surprised 50 Make-A-Wish Kids With Disneyland","2025-11-21T19:40:01Z","PT29S","1110386","50809468","13739"
"WROMyJAJmp4","Can I Beat An F1 Driver?","2025-11-18T17:00:01Z","PT11S","3199994","409754659","13573"
"tAwzBYE18Us","How I Became MrBeef","2025-11-16T20:00:02Z","PT46S","1572923","43048701","19661"
"LyFMbY-c_Lc","I Raced Noah Lyles","2025-11-14T17:00:01Z","PT32S","4981918","460545147","12355"
"3RmOvxilbPM","100 People Vs World’s Biggest Trap!","2025-11-08T17:00:00Z","PT30M43S","2027032","126798182","85124"
"R7MkZL5i3FQ","Giving Trick-or-Treaters Weirder and Weirder Gifts","2025-11-07T17:00:05Z","PT27S","2343352","273609376","14641"
"26QQE7EsnLA","MrBeast Lab Disaster!","2025-11-03T17:00:01Z","PT1M7S","1459831","40079573","17137"
"PryTbmudhS8","Can We Stop World's Best Tennis Player","2025-10-31T16:00:02Z","PT23S","1745286","124807465","12901"
"Oo9EbArcQ1c","I Saved 1,000 Animals From Dying","2025-10-25T16:00:01Z","PT17M36S","3523841","216646265","62291"
"yWEUL3crU_E","I Baked a Cake In a Race Car","2025-10-21T16:00:01Z","PT38S","872827","49255945","8083"
"JgJrQnDIRgg","First to Answer the Phone, Wins $10,000","2025-10-17T16:00:00Z","PT46S","2773782","176560066","11679"
"gtkqnhN0VkU","Answer The Door, Win $10,000","2025-10-14T16:00:00Z","PT31S","3143819","118927794","73281"
"oBXSvS2QKxU","100 Kids Vs World's Strongest Man!","2025-10-11T16:00:00Z","PT27M21S","2939200","186922044","53445"
"UTdcX1e0cMA","Jump Over The Lava, Win!","2025-10-10T16:00:01Z","PT1M3S","2488091","98420424","13443"
"oiZvK6MY7tI","Call Your Ex, Win $10,000","2025-10-07T16:00:00Z","PT34S","3676741","161972700","13681"
"F0OkwXKcPSE","Hi Me In 10 Years","2025-10-04T16:00:07Z","PT3M14S","3755339","64733995","115959"
"686PL7rt654","World’s Fastest Dinner Date","2025-10-03T16:00:03Z","PT34S","4395761","366945651","16180"
"zo7i8VTpfNM","How Much Would You Risk For $500,000?","2025-09-27T16:00:04Z","PT25M26S","2350929","145766827","32689"
"NfhuGUyWYfQ","Would Your Grandma Go Skydiving?","2025-09-26T18:00:07Z","PT42S","2623808","99995738","9584"
"wIpWCJKfRXs","I Cooked A Pizza With Power Tools","2025-09-23T16:00:07Z","PT40S","13273133","864028562","69734"
"9Xeepzg1B8I","Which Celebrity Punches The Hardest?","2025-09-19T16:00:03Z","PT47S","3790553","207765328","11353"
"50G0kIty7Cg","Answer The Call, Win $10,000","2025-09-16T17:00:04Z","PT39S","12016972","1267703476","36354"
"4l97aNza_Zc","Survive 30 Days Chained To Your Ex, Win $250,000","2025-09-13T16:00:01Z","PT37M4S","4247552","245009834","71014"
"3ih2bPKSWsQ","I Arrested IShowSpeed","2025-09-12T17:00:01Z","PT35S","2905826","118512068","8309"
"uA9Zcg3vHvo","I Raced IShowSpeed","2025-09-01T20:45:41Z","PT47S","9922741","635424156","13253"
"_AbFXuGDRTs","$1 vs $1,000,000,000 Nuclear Bunker!","2025-08-30T16:00:11Z","PT17M18S","3032130","183702561","39086"
"MOGW3v3pJ5Y","1 Subscriber = 1 Penny Donated","2025-08-29T16:00:10Z","PT18S","23939550","671994287","34393"
"XNtTO_339kU","Pick The Wrong Tube, Get Slimed","2025-08-27T16:00:02Z","PT36S","3575843","176587262","10603"
"rB9NynBZ4go","Reaction Time Challenge","2025-08-19T16:00:02Z","PT29S","2506039","188432352","11555"
"TDv56whosPQ","Survive 100 Days In Prison, Win $500,000","2025-08-16T19:00:02Z","PT39M36S","3198287","165866869","43738"
"R_BmT1OJw98","Every YouTube Play Button I Have","2025-08-15T16:00:01Z","PT15S","5400578","538309092","30109"
"vpRW4JhzfSE","1 Subscriber = 1 Second In The Arctic","2025-08-08T16:00:02Z","PT17S","2947137","109706722","12808"
"qXW93Cois2s","Guess What Hit You","2025-08-05T16:00:01Z","PT32S","1695889","112256259","7131"
"r7f0L48dHpc","$1  = One Year of Clean Water","2025-08-02T16:00:02Z","PT32S","4922747","188840265","21140"
"Z4hVGCWH1Kc","2,000,000 People Get Clean Water For The First Time!","2025-08-01T16:00:01Z","PT10M20S","2444350","123173426","47230"
"zxuICI0kL3s","Don’t Turn Around, Win $10k","2025-07-31T16:00:01Z","PT31S","8733699","550293743","14410"
"R1SFXJo-FlE","Subscribe To Explode The TNT","2025-07-29T16:00:01Z","PT19S","5479258","402471425","14779"
"lQz5aqjZ3lQ","Find This Briefcase, Win $10,000","2025-07-25T16:00:02Z","PT1M7S","6777790","287926286","20909"
"EiFcNbXBqeo","Jet Engine vs Human for $10k","2025-07-20T16:00:01Z","PT24S","2590084","177750171","7774"
"pzBi1nwDn8U","Survive 100 Days Trapped In A Private Jet, Keep It","2025-07-19T16:00:01Z","PT33M3S","3682602","173452655","49516"
"R7oW0LwS_e4","I Met Neymar","2025-07-11T16:15:07Z","PT10S","2021963","125932192","17179"
"BfKI_TQnQvo","I Raced A Cheetah","2025-07-06T16:00:01Z","PT20S","3440720","175849777","15242"
"FWAdfuPpLOc","World's Fastest Car Vs Cheetah!","2025-07-05T16:00:01Z","PT20M37S","3572119","245011345","48318"
"NjlP2_l1Wr0","You Lose, You Get Shot","2025-06-30T16:00:08Z","PT36S","1868303","114450190","6886"
"gGcaGdHlt60","If You Spill, You Lose!","2025-06-25T17:00:08Z","PT19S","4326318","546880051","8905"
"pe_ejTiIcSs","Lose 100 LBs, Win $250,000!","2025-06-21T16:00:01Z","PT36M50S","7023678","264845851","121697"
"V6In4tmd-w8","$1 vs $25,000 VFX","2025-06-19T17:00:41Z","PT23S","2610875","112721143","14634"
"ZGvn9ywXjpY","Feastables vs Reese’s Taste Test with @gordonramsay","2025-06-10T16:00:02Z","PT33S","8341706","532823511","26459"
"hTSaweR8qMI","$1 vs $500,000 Date","2025-06-07T16:00:00Z","PT17M22S","3638722","191601778","63668"
"KCRLP-zBacU","Can I Teach a Penguin To Subscribe?","2025-05-31T16:10:27Z","PT9S","8603544","908821300","22342"
"c2ukL_zjFCk","Extreme Helmet Game","2025-05-28T16:00:19Z","PT32S","3869108","216613603","8292"
"DZIASl9q90s","Beat Neymar, Win $500,000","2025-05-24T16:00:01Z","PT27M53S","3771558","192421268","84304"
"7qY-qalCI2Y","Grab The Rolex, Keep It!","2025-05-21T15:59:50Z","PT23S","3614860","266758615","11051"
"N0pwLtonPdg","Slippery vs Sticky Stairs","2025-05-16T16:00:01Z","PT36S","9715748","925357743","33698"
"-4GmbBoYQjE","I Survived 100 Hours In An Ancient Temple","2025-05-10T16:00:01Z","PT15M46S","3098832","140311879","78631"
"0yPgljFcTR4","Subscribe to Win $50,000","2025-05-07T16:00:01Z","PT15S","4447270","95096715","172268"
"TN1wErFGTzM","Find This Key, Win $10,000","2025-05-05T16:00:00Z","PT39S","1850144","63044253","8913"
"3dxksf0CzS8","World’s Fastest Robbers","2025-05-02T16:00:00Z","PT32S","6412601","357794718","16239"
"x7yv72s8h0o","Would You Go On Vacation With A Stranger?","2025-04-29T16:00:00Z","PT1M3S","10540627","481843555","32721"
"uyiG6uw-6pA","Would You Risk Drowning for $500,000?","2025-04-26T16:00:00Z","PT25M46S","3292028","214597310","43747"
"M1STzb7k9L8","Extreme Helmet Game","2025-04-25T16:15:00Z","PT23S","2591486","275901983","5625"
"7K-yxGWYsnk","$10,000 Human Shuffleboard","2025-04-22T16:30:14Z","PT40S","7060257","648224414","6303"
"Tbn4cYCaZCk","Drift This Car, Win $10,000","2025-04-16T17:00:15Z","PT20S","7176162","575296097","12136"
"figrl0aOULs","Click This Video To Feed 1 Person","2025-04-12T16:00:01Z","PT10M29S","4268200","78345943","73511"
"Uxc84UUrVHk","You Can Stop Child Labor","2025-04-11T16:00:01Z","PT58S","4315440","116035517","27701"
"BzKaMelDzqo","How Fast Can I Go?","2025-04-05T16:00:12Z","PT18S","2940802","193121033","9746"
"4yx9ZJDfyKk","Baseball Tic Tac Toe vs MLB Pro","2025-03-27T16:00:00Z","PT27S","1593423","72288401","7525"
"kPa_S6jN9ls","Could You Win This Obstacle Course?","2025-03-25T16:15:01Z","PT34S","2032849","116672846","10563"
"69g-YcbmgQA","Find Your Dog, Win $10,000","2025-03-23T16:00:01Z","PT36S","13457589","648828523","13335"
"aKq8bkY5eTU","I Survived The 5 Deadliest Places On Earth","2025-03-22T16:00:00Z","PT13M23S","3352827","189770146","55693"
"TNtpUQbW4mg","This Is How The Pyramids Were Built","2025-03-18T16:00:00Z","PT13S","9011079","419770713","26106"
"TgCm8oDmxOk","I Crashed One Of The Most Expensive Cars In The World","2025-03-14T16:00:00Z","PT16S","2646312","123292178","7494"
"954wJ3uHVAk","Last One To Fall Wins","2025-03-08T18:05:23Z","PT30S","4272734","166091935","9155"
"zajUgQLviwk","Last to Leave Their Circle Wins $500,000","2025-03-01T17:00:01Z","PT38M38S","3265367","214952878","87687"
"PXevNM0awlI","Highest Away From Me Wins $10,000","2025-02-28T17:00:00Z","PT50S","12735192","693322715","14256"
"PuQ5UxKUY48","Find The Human, Win $10,000","2025-02-24T17:00:02Z","PT41S","8111797","414966855","10210"
"L5ihmu87xTE","Find This Stranger, Win $10,000","2025-02-19T18:00:00Z","PT1M1S","18423776","831767257","17112"
"nAiKLoCP-kU","Reach the Money, Win $10,000","2025-02-14T18:15:00Z","PT25S","8580001","611944421","11972"
"NDsO1LT_0lw","I Spent 100 Hours Inside The Pyramids!","2025-02-08T17:00:00Z","PT21M43S","5434936","247462908","101587"
"sF5LYGgKbUA","Every Minute One Person Is Eliminated","2025-01-25T17:00:01Z","PT34M46S","3252588","176774098","78298"
"MFpWEKN9c6Y","Last Person Hanging Wins $10,000","2025-01-21T17:00:03Z","PT43S","13950258","660259412","18843"
"TRxMLLuWIhw","Subscribe For An iPhone","2025-01-17T17:00:00Z","PT17S","28110965","297049919","239289"
"SM66GDRyIVY","I Helped 2,000 People Walk Again","2025-01-11T17:00:02Z","PT15M31S","3031441","149042252","56287"
"EvqtfK_RaRg","This obstacle course is WILD","2025-01-10T17:00:00Z","PT32S","4202749","258413270","5943"
"3cWm9B_0_kI","How Many People To Stop Ronaldo?","2024-12-27T19:00:00Z","PT21S","13142911","680061204","35484"
"qtWqHIx8Z-o","Last Person Standing Wins $10,000","2024-12-22T17:00:01Z","PT48S","14285461","763636464","11853"
"gs8qfL9PNac","2,000 People Fight For $5,000,000","2024-12-19T17:00:00Z","PT24M45S","4668258","203504992","51814"
"DBPYB8WkkDc","Bring Me Back Snow From The North Pole","2024-12-10T17:00:00Z","PT55S","19480782","780892474","17789"
"zvBXpoBegwE","I Got T-Series To Subscribe To Me","2024-12-09T17:00:01Z","PT31S","9359613","321874137","20412"
"SWc8fI_9iqA","Ronaldo Teaches Me How To SIUU","2024-12-01T17:00:00Z","PT15S","9866480","428450290","39828"
"0BjlBnfHcHM","Beat Ronaldo, Win $1,000,000","2024-11-30T17:00:00Z","PT22M45S","8553790","391322300","124519"
"HcL1EQ5qD_g","Confronting Ronaldo","2024-11-29T17:30:10Z","PT21S","13788934","298471248","36954"
"dc089EZRGcg","How Many Balloons To Make A Store Fly?","2024-11-18T19:00:00Z","PT22S","11329350","604953625","15745"
"vXNtju4VFm4","Restocking MrBeast Labs at Walmart","2024-11-18T17:00:00Z","PT36S","6869996","435716758","2732"
"I9mw5UlDyPI","This Game Is Wild...","2024-11-12T17:00:00Z","PT19S","13717697","747476067","10215"
"pS-fFdvyHLE","How Much Tape To Stop A Lamborghini?","2024-11-08T17:00:00Z","PT15S","14307593","830091189","22641"
"Xj0Jtjg3lHQ","$1 vs $500,000 Experiences!","2024-11-02T16:00:00Z","PT17M40S","5208203","289080839","57130"
"9UtcHPCEBgg","1 Subscriber = 1 Penny","2024-10-19T18:00:00Z","PT17S","17977126","449235993","34612"
"ZNt_GoOBHq8","Human vs Jet Engine","2024-10-17T19:00:00Z","PT19S","14182665","645225647","23101"
"bn0Kh9c4Zv4","7 Days Exploring An Underground City","2024-10-12T16:00:00Z","PT20M35S","3810038","184905896","35746"
"dDVFnfCwjHA","Will A Basketball Boat Hold My Weight?","2024-10-11T16:00:01Z","PT30S","10528336","429675088","8317"
"Kt2HvqRruHQ","Find The Real MrBeast, Win $10,000","2024-10-05T16:00:00Z","PT37S","11465585","426345460","15791"
"vDrSCXFMAKk","Spot The Difference, Win $10,000","2024-09-28T20:00:00Z","PT58S","8552264","288936013","8098"
"snX5YyflrGw","100 Identical Twins Fight For $250,000","2024-09-28T16:00:00Z","PT35M40S","3459330","205765280","30015"
"nbzQdlWrcnk","Running With Bigger And Bigger Lunchlys","2024-09-20T16:00:00Z","PT18S","8534909","390068892","11807"
"8krJy31Diow","Holding Bigger And Bigger Dogs","2024-09-16T18:00:00Z","PT17S","8371210","372415567","11939"
"aRcUVhVlSHg","Men Vs Women Survive In The Wilderness For $500,000","2024-09-07T16:00:00Z","PT31M48S","4480485","240036200","55165"
"Jo7sfpeWqwE","Will A Guitar Boat Hold My Weight?","2024-09-05T16:00:01Z","PT20S","18101702","773476614","16015"
"QtD-CeUdRUQ","Real Or Cake For $10,000","2024-08-29T16:00:00Z","PT37S","8310840","277902263","23542"
"ndAQfTzlVjc","7 Days Stranded In A Cave","2024-08-17T16:00:00Z","PT17M59S","4706681","187666580","94676"
"AydS-vA3qa4","Running With Bigger And Bigger Feastables","2024-08-15T23:00:00Z","PT17S","12575463","479316284","34398"
"UPrkC1LdlLY","Survive 100 Days In Nuclear Bunker, Win $500,000","2024-08-03T16:00:00Z","PT32M21S","6295297","362509095","88677"
"8bTQMDM4qvY","Spot The Fake Animal For $10,000","2024-07-19T16:00:00Z","PT40S","17776768","716723939","30443"
"DBw0oD38z0Q","This Game Is Wild","2024-07-17T16:00:00Z","PT21S","6262570","241291640","11198"
"4SNThp0YiU4","50 YouTubers Fight For $1,000,000","2024-07-13T16:00:01Z","PT41M27S","9771858","479608475","350998"
"XhuisK0bTSA","Pass The Phone To…","2024-07-11T17:00:01Z","PT1M","11485318","290951537","52596"
"lkCRPp7cnP8","How Many Balloons Does It Take To Fly?","2024-07-10T17:00:00Z","PT18S","20404571","550054967","51385"
"KkCXLABwHP0","I Built 100 Houses And Gave Them Away!","2024-06-29T16:00:00Z","PT9M36S","8018691","270697429","293453"
"PWirijQkH4M","World’s Deadliest Obstacle Course!","2024-06-15T16:00:01Z","PT28M25S","6901170","440869570","138895"
"U_LlX4t0A9I","$10,000 Every Day You Survive In The Wilderness","2024-06-01T16:00:00Z","PT26M10S","9151796","394355255","345755"
"T8I165Qxeo8","Sprinting with More and More Money","2024-05-30T16:00:01Z","PT29S","11969343","325065971","86825"
"i-9V21MqlhY","Giving 1000 Phones Away","2024-05-28T16:00:00Z","PT18S","23230426","394676344","829745"
"YyNz4--6fro","World’s Smartest Dog","2024-05-16T16:00:00Z","PT12S","10878333","299091778","36107"
"f0cXJ6mJxGc","Bottle Head Smashing World Record Attempt!","2024-05-14T16:00:00Z","PT38S","13007450","556772618","52975"
"F6PqxbvOCUI","Protect The Yacht, Keep It!","2024-05-11T16:00:00Z","PT15M8S","4286071","179392047","79997"
"oA4LSZvX4iE","Ages 1-100 Try My Chocolate","2024-05-09T16:00:00Z","PT39S","10009118","287264378","36143"
"ZKxnjszkZto","Spot The Hidden People For $10,000","2024-05-08T16:00:01Z","PT35S","6472600","207085533","12542"
"8_gdcaX9Xqk","Would You Split Or Steal $250,000?","2024-05-03T16:00:00Z","PT1M","11960967","236979661","30775"
"snUyLbGx6U4","Buy Feastables, Win Unlimited Money","2024-04-30T16:00:00Z","PT51S","14180950","541655601","39181"
"Pv0iVoSZzN8","In 10 Minutes This Room Will Explode!","2024-04-27T16:00:00Z","PT10M","4182378","171296290","76744"
"CWbV3NItSdY","The World's Fastest Cleaners","2024-04-25T16:00:03Z","PT35S","26588946","734378326","44441"
"l-nMKJ5J3Uc","Ages 1 - 100 Decide Who Wins $250,000","2024-04-20T15:59:59Z","PT40M2S","6343314","330554348","219636"
"XE1Qyss8GIY","Guess The Gift, Keep It","2024-04-09T17:00:00Z","PT46S","20031657","631047181","26389"
"6GzHPS0rEgc","I’m Giving My 250M Subscriber $25,000","2024-04-06T19:45:00Z","PT21S","10800846","351137375","60616"
"imhY0pe-Sd8","Anything You Touch, You Keep!","2024-04-02T16:00:03Z","PT48S","11114195","321659680","17484"
"erLbbextvlY","7 Days Stranded On An Island","2024-03-30T16:00:01Z","PT22M26S","7753656","504083908","152825"
"OnTTThIzuNU","Keep Track Of Car, Win $10,000","2024-03-19T16:00:00Z","PT51S","8036484","187718179","97097"
"mKdjycj-7eE","Stop This Train, Win a Lamborghini","2024-03-16T16:00:00Z","PT19M1S","5496034","272611786","127218"
"tWYsfOSY9vY","I Survived 7 Days In An Abandoned City","2024-03-02T17:00:00Z","PT17M24S","6815874","358989280","201854"
"sH48lKbayNU","Unboxing My 200M Subscriber Play Button","2024-02-29T17:00:00Z","PT46S","14761953","256273594","56509"
"AFXoSFNMwIA","I Filled Chandler’s Car With Feastables","2024-02-27T18:00:01Z","PT38S","15322668","506119844","30957"
"k194wHZHjB0","Most Expensive Hand Model Holds Feastables","2024-02-24T18:00:09Z","PT22S","13592502","799692471","13849"
"AjwAdtlRKf8","Buy Feastables, Win $10,000","2024-02-17T19:00:01Z","PT41S","16553495","481342893","38087"
"KOEfDvr4DcQ","Face Your Biggest Fear To Win $800,000","2024-02-10T17:00:00Z","PT22M3S","6882045","399109955","230796"
"krsBRQbOPQ4","$1 vs $250,000,000 Private Island!","2024-01-27T17:00:00Z","PT16M59S","6071858","406514441","104373"
"7ESeQBeikKs","Protect $500,000 Keep It!","2024-01-13T17:00:00Z","PT15M34S","4835941","198226230","70631"
"K_CbgLpvH9E","I Spent 7 Days In Solitary Confinement","2023-12-30T17:00:03Z","PT20M16S","5578585","297185311","86576"
"lOKASgtr6kU","I Adopted 100 Dogs!","2023-12-23T17:00:00Z","PT15M3S","6781427","408650581","113277"
"9RhWXPcKBI8","Survive 100 Days Trapped, Win $500,000","2023-12-16T17:00:01Z","PT27M8S","6954261","461946172","99087"
"ZVt9ZJfWV1c","Feeding A Dog $1 vs $10,000 Steak","2023-12-14T18:00:00Z","PT27S","16173964","643999048","32490"
"rWBOITBjitE","Could You Walk Up A Skyscraper?","2023-12-05T18:00:00Z","PT50S","15898546","516329575","31555"
"tnTPaLOaHz8","$10,000 Every Day You Survive In A Grocery Store","2023-12-02T17:00:00Z","PT21M32S","7611974","532397634","89490"
"Wdjh81uH6FU","$1 vs $10,000,000 Job!","2023-11-25T17:00:00Z","PT15M39S","4943350","322802423","63190"
"7dYTw-jAYkY","I Spent 7 Days Buried Alive","2023-11-18T17:00:01Z","PT18M34S","8338802","318579517","127503"
"AjZDwxt7S8w","I Gave Away A House On Halloween","2023-11-10T18:00:00Z","PT48S","13933183","375422939","37785"
"aZnqqXaT02g","Giving Car Keys Instead Of Candy On Halloween","2023-11-09T18:00:00Z","PT32S","11139070","448999410","15544"
"mwKJfNYwvm8","I Built 100 Wells In Africa","2023-11-04T16:00:00Z","PT10M30S","10447202","268685404","215254"
"l9_8_pDTmis","Furthest Away From Me Wins $10,000","2023-11-02T17:00:03Z","PT48S","22473668","745782274","41405"
"n7x4Jj9pdH8","World’s Most Expensive Bed","2023-10-31T17:00:01Z","PT48S","22061340","566130282","39442"
"QjvpjXdgugA","10 People Vs World's Deadliest Laser Maze for $250,000","2023-10-28T15:59:59Z","PT25M59S","4883589","316624299","83704"
"jGAJCAuV3pQ","World’s Most Expensive Coffee","2023-10-19T17:00:03Z","PT33S","11435381","288165141","29048"
"c0v8OPItCOg","$100,000,000 Bathroom","2023-10-17T17:00:00Z","PT50S","12992931","395932710","24222"
"3ryID_SwU5E","$1 vs $100,000,000 House!","2023-10-14T16:00:00Z","PT17M3S","6533780","434930906","136492"
"IemzxkkzI5s","I Tipped A Pizza Delivery Driver A Car","2023-10-12T17:30:03Z","PT52S","27229629","731826269","37064"
"3OFj6l2tQ9s","World's Most Dangerous Trap!","2023-10-07T16:00:00Z","PT19M34S","6763606","355596146","149927"
"bvlFjrcpD6s","I NEED 1 MORE 𝗦𝗨𝗕𝗦𝗖𝗥𝗜𝗕𝗘𝗥","2023-10-05T17:00:01Z","PT23S","31185897","599881105","84670"
"AZlBZuS4hr0","Guess The Gift, Keep It","2023-10-03T17:00:00Z","PT45S","26533403","1054550012","24382"
"Gx6VeIIbWwM","Spot The Hidden People For $10,000","2023-09-28T17:00:01Z","PT35S","22131955","775247451","32450"
"CAOY8EKH1qU","I Paid A Random Student’s College Tuition","2023-09-26T16:59:59Z","PT37S","25396336","573132720","64655"
"IQxea9UB1nQ","$100,000,000 Car Doors","2023-09-19T17:00:00Z","PT29S","30154859","1339259049","43552"
"KrLj6nc516A","$1 vs $100,000,000 Car!","2023-09-16T16:00:01Z","PT16M28S","8225466","569578630","160581"
"zgLhCT7aFCA","Extreme Home Makeover!","2023-09-12T17:00:00Z","PT57S","20538855","449059810","50844"
"L5kIXRdwGAI","Katana Vs Bullet","2023-09-07T17:00:01Z","PT41S","38518757","1190007591","54532"
"19NmWqv4Alk","How Many School Buses Can We Stack?","2023-09-05T16:59:57Z","PT45S","15693181","535615797","29698"
"vBpQ1SlfVtU","World’s Largest Dominoes Vs Store","2023-09-02T16:00:00Z","PT14M59S","5856819","283930769","144315"
"SGzWIoLAzmY","Feeding A Cat $10 Vs $10,000 Sushi","2023-08-31T17:00:00Z","PT31S","14322613","425068426","34120"
"NnNZLCl78Ao","Make This Kick, Win Super Bowl Tickets","2023-08-25T16:00:25Z","PT52S","5188172","140851962","9179"
"NTZhwAldqwg","Metal Pipe Vs School Bus","2023-08-22T17:00:00Z","PT28S","13909647","543254390","29719"
"J_z-W4UVHkw","Every Country On Earth Fights For $250,000!","2023-08-19T16:00:01Z","PT18M13S","6568996","273905722","382316"
"mKIhHNznt4s","Can You Beat A Girl In Arm Wrestling?","2023-08-17T17:00:00Z","PT52S","21505063","608354253","40858"
"jObOjhUkf50","$1 vs $250,000 Vacation!","2023-08-12T15:59:59Z","PT15M58S","6867048","454522562","109512"
"O3YVBJ2n5xg","I Ate The World’s Most Poisonous Fish","2023-08-08T17:30:01Z","PT32S","22317543","563109022","41561"
"yhB3BgJyGl8","7 Days Stranded At Sea","2023-08-05T16:00:01Z","PT18M5S","8416763","434914285","129873"
"CP82DAKzL1U","I Traded My Car At a Red Light","2023-07-15T17:00:01Z","PT47S","27779263","771578477","44517"
"fuhE6PYnRMc","Train Vs Giant Pit","2023-07-08T16:00:00Z","PT10M36S","6660208","305810110","129395"
"stUofW3whpE","I Buried Treasure in the Bermuda Triangle","2023-07-06T17:00:01Z","PT53S","26299547","542150001","39713"
"48h57PspBec","$1 vs $1,000,000,000 Yacht!","2023-06-10T16:00:00Z","PT14M47S","8491865","561584332","169137"
"ooAwCOP67GQ","Do Pawnshops Scam You?","2023-06-03T16:59:57Z","PT33S","16994303","478321035","27142"
"FM7Z-Xq8Drc","Ages 1 - 100 Fight For $500,000","2023-05-27T21:14:59Z","PT25M36S","6742219","468220910","119176"
"ykRq_rp7NhM","I Got Naruto to Subscribe to Me","2023-05-20T20:00:00Z","PT20S","13393500","325007316","24638"
"WTOm65IZneg","1,000 Deaf People Hear For The First Time","2023-05-06T19:59:59Z","PT6M14S","5548972","223297087","153822"
"8kggT2ej-lo","Would You Pet a Cheetah in Africa?","2023-05-01T20:00:02Z","PT39S","29590864","1013840432","38557"
"GGBy50KtvRk","Tipping A Waitress A Car","2023-04-22T20:00:00Z","PT38S","30853541","785800906","75133"
"Y4-gFIfGXiQ","Would you go on a Blind Date in Italy?","2023-04-15T20:00:01Z","PT51S","24530167","606025148","30116"
"1WEAJ-DFkHE","$1 vs $500,000 Plane Ticket!","2023-04-01T20:00:04Z","PT12M20S","9127614","571775118","176947"
"Y0cBiGUuB1Y","I Sent a Subscriber to Disneyland","2023-03-30T20:00:00Z","PT27S","30444318","803832412","81911"
"YLt73w6criQ","I Paid A Real Assassin To Try To Kill Me","2023-03-18T20:00:01Z","PT12M17S","6502536","339459766","104958"
"NPYPXWJBTWM","$10,000 Girl Scout Cookies","2023-03-11T17:00:47Z","PT23S","14462614","770302487","20331"
"lglIQkCHO0g","Do Men Lie About Their Height?","2023-02-14T21:00:14Z","PT47S","22200685","617043644","30405"
"TJ2ifmkGGus","1,000 Blind People See For The First Time","2023-01-28T21:00:00Z","PT8M1S","10378739","218646853","377926"
"7IKab3HcfFk","I Survived 50 Hours In Antarctica","2022-12-24T20:59:59Z","PT12M10S","5870323","260389591","142968"
"h5NvTTOlOtI","Real Life Spider-Man Vs Skyscraper","2022-12-10T21:00:01Z","PT10M25S","5860236","280452819","124522"
"se50viFJ0AQ","Would You Fly To Paris For A Baguette?","2022-12-08T20:12:27Z","PT48S","58485228","1784087502","130154"
"0CTp1a-aCUM","100 Kids Fight Parents For $500,000","2022-12-03T21:00:00Z","PT15M23S","4943694","345283993","93071"
"FD-0KG-h2-c","Gordon Ramsay Tries Most Expensive Chocolate Bar!","2022-11-19T20:59:59Z","PT40S","31213088","883319651","56659"
"kX3nB4PpJko","Last To Take Hand Off Jet, Keeps It!","2022-11-12T21:00:00Z","PT15M37S","4967847","250128894","99717"
"YlvcFJOE-OE","Giving iPhones Instead Of Candy on Halloween","2022-11-02T21:00:01Z","PT40S","42196066","1840498733","156812"
"iogcY_4xGjo","$1 vs $1,000,000 Hotel Room!","2022-10-22T21:00:00Z","PT15M41S","7760954","459306036","117143"
"S_CUEOBZ0P4","The Rock Vs MrBeast For $100,000","2022-10-21T20:00:06Z","PT55S","36429770","732153365","82103"
"gHzuabZUd6c","Survive 100 Days In Circle, Win $500,000","2022-09-24T19:59:59Z","PT17M10S","6369445","423957539","101738"
"65fN_OUawjk","I Hunted 100 People!","2022-09-03T19:59:59Z","PT12M3S","4051216","274542639","65815"
"jdMNoQE3mIQ","Can I Survive A Plane Crash?","2022-08-20T20:00:00Z","PT8M14S","4280732","234302562","73912"
"2isYuQZMbdU","100 People Fight For A Private Island","2022-08-04T19:59:59Z","PT15M31S","7176682","263149779","224494"
"tVWWp1PqDus","100 Boys Vs 100 Girls For $500,000","2022-07-23T20:00:09Z","PT16M53S","5050738","309737262","136089"
"vaIgyRoUkQI","I Didn’t Eat Food For 30 Days","2022-07-02T20:00:02Z","PT13M4S","4387639","133354697","106876"
"Hwybp38GnZw","I Built Willy Wonka's Chocolate Factory!","2022-06-04T20:00:02Z","PT16M11S","6955064","380428384","155645"
"hD1YtmKXNb4","$10,000 Every Day You Survive Prison","2022-04-09T20:00:00Z","PT13M59S","5640204","248601010","127437"
"LnlKwzc_TNA","Would You Swim With Sharks For $100,000?","2022-03-19T20:02:32Z","PT9M1S","4171427","207450906","86021"
"3jS_yEK8qVI","World’s Most Dangerous Escape Room!","2022-01-29T21:00:01Z","PT8M1S","5565254","292008551","129302"
"00NgUctWoLQ","Extreme $1,000,000 Hide And Seek","2021-12-18T21:00:00Z","PT12M9S","3647188","111108411","116089"
"x9TQ6culXIA","World's Biggest YouTubers Fight for $1,000,000","2021-12-16T21:00:00Z","PT12M5S","3127441","107506072","83284"
"QbJJwaVdgIs","I Got Hunted By The Military","2021-12-10T21:30:02Z","PT10M27S","4880162","269998122","93674"
"0e3GPea1Tyg","$456,000 Squid Game In Real Life!","2021-11-24T21:00:01Z","PT25M42S","20075602","942675344","655179"
"cV2gBU6hKfY","I Cleaned The World’s Dirtiest Beach #TeamSeas","2021-10-29T19:59:43Z","PT4M55S","5605995","136750203","166012"
"qIsgdOVGA04","Last To Take Hand Off Lamborghini, Keeps It","2021-10-23T20:00:01Z","PT15M8S","4819353","202518612","126463"
"cExLQ1o2pDw","First To Rob Bank Wins $100,000","2021-09-26T20:00:06Z","PT8M2S","4579053","217124648","117289"
"uocETPj4Jx4","Extreme $500,000 Game Of Tag!","2021-09-04T20:00:07Z","PT12M33S","4802178","236622422","97177"
"zxYjTTXc-J8","Last To Leave Circle Wins $500,000","2021-08-31T20:01:03Z","PT17M44S","7923389","560336228","133255"
"hxwpkM5w3Cc","I Got Hunted By The FBI","2021-08-07T23:00:03Z","PT15M51S","4917600","273022708","98190"
"ktyJIj6i4Qw","If You Can Carry $1,000,000 You Keep It!","2021-07-24T20:00:59Z","PT10M7S","3944205","272289179","78987"
"urtFrxDUV6c","Would You Quit School For $100,000?","2021-07-10T20:00:09Z","PT10M12S","3711000","191291694","83028"
"nM89Wl03Q4g","I Survived 50 Hours In A Maximum Security Prison","2021-06-26T20:00:02Z","PT12M34S","4491134","302751664","99088"
"NZlClr_ivb4","Hit The Target, Win $300,000","2021-06-12T20:00:01Z","PT13M17S","3774591","226443633","80051"
"E6E22XQPhhg","Anything You Can Fit In The Triangle I’ll Pay For","2021-06-01T20:00:02Z","PT16M8S","3682482","273810107","82318"
"TQHEJj68Jew","I Got Hunted By A Real Bounty Hunter","2021-04-24T20:00:00Z","PT13M28S","4379230","241595625","119800"
"WcwGleN38zE","Extreme $100,000 Game of Tag!","2021-04-17T20:00:00Z","PT16M39S","4025020","274578305","116432"
"fMfipiV_17o","Would You Sit In Snakes For $10,000?","2021-04-10T21:00:07Z","PT14M7S","5792791","410857042","139981"
"ayXxwJJId_c","I Bought The World's Largest Mystery Box! ($500,000)","2021-04-03T20:00:01Z","PT10M50S","5558096","306560304","174003"
"9bqk6ZUsKyA","I Spent 50 Hours Buried Alive","2021-03-27T20:00:04Z","PT12M40S","8353742","344082037","242189"
"DuQbOQwVaNE","Offering People $100,000 To Quit Their Job","2021-03-13T21:00:02Z","PT10M27S","3546220","170729389","111216"
"vJH28ICkCdU","I Sold My House For $1","2021-03-06T21:00:02Z","PT9M20S","4097557","190559960","116906"
"_uwNDiU04zE","I Donated $300,000 To People In Need","2021-02-13T21:00:01Z","PT10M54S","3024994","57719228","142802"
"C680oxL__ck","I Ate $100,000 Golden Ice Cream","2021-01-22T21:00:03Z","PT13M17S","6185052","309445642","173119"
"5Fg9oZk-5uA","I Bought Everything In 5 Stores","2021-01-09T21:01:25Z","PT13M50S","5791870","218157888","192606"
"PKtnafFtfEo","YOUTUBE REWIND: 2020","2021-01-01T21:00:03Z","PT6M31S","5010254","73538638","272263"
"f0c7pSCoZqE","I Put 1,000,000,000 Christmas Lights On A House (World Record)","2020-12-23T21:00:06Z","PT11M22S","3001783","135593387","105625"
"dg2Ag3e8W-Q","I Opened A Restaurant That Pays You To Eat At It","2020-12-19T22:00:03Z","PT9M32S","5195843","207953244","723194"
"LeYsRMZFUq0","I Gave People $1,000,000 But ONLY 1 Minute To Spend It!","2020-12-15T21:00:11Z","PT14M18S","7102298","246012520","185546"
"Dc2ZRmuH5OM","Steal This $100,000 Diamond, You Keep It","2020-11-28T21:00:04Z","PT14M3S","3692495","233035648","92196"
"GLoeAJUcz38","Press This Button To Win $100,000!","2020-11-14T21:00:02Z","PT15M11S","4872722","368474935","93226"
"SZQhgExjBvQ","I Survived 24 Hours Straight In Ice","2020-10-29T20:17:44Z","PT11M34S","4271257","184857349","192641"
"IoZri9hq7z4","I Uber’d People And Let Them Keep The Car","2020-10-24T20:00:01Z","PT14M11S","4243560","155730010","85935"
"vp5sSqyZ5Go","I Filled My Brother’s House With Slime & Bought Him A New One","2020-10-10T20:00:31Z","PT9M25S","4179017","268252286","116883"
"AKJfakEsgy0","Hi Me In 5 Years","2020-10-04T20:00:54Z","PT2M8S","7367037","149506889","264613"
"Vl3swga-Xrk","Would You Rather Have A Giant Diamond or $100,000?","2020-09-26T20:40:02Z","PT12M24S","3088381","210226475","71548"
"UE5AHE2Ypr8","I Gave My 40,000,000th Subscriber 40 Cars","2020-09-19T20:00:02Z","PT17M11S","4909729","216243629","185076"
"TDiXxsQ0w2Q","Why I Haven’t Been Uploading","2020-09-17T20:00:05Z","PT5M54S","2775301","59440600","93889"
"oD155zWANQg","Get This Random Person 1,000,000 Subscribers","2020-09-05T20:00:17Z","PT14M5S","2642016","87938728","119348"
"s1ax8Tx_Jz0","Would YOU Rather Have A Lamborghini or This House?","2020-08-22T20:00:01Z","PT18M26S","4182141","235582946","150680"
"NkE0AMGzpJY","Last To Leave $800,000 Island Keeps It","2020-08-15T20:00:02Z","PT21M15S","5909323","298552092","224033"
"FbM1yi4mMMc","I Bought A Private Island","2020-08-13T20:00:07Z","PT11M37S","4011573","187035459","126830"
"5V2B28OqfqM","I Spent $1,000,000 On Lottery Tickets and WON","2020-08-08T20:00:02Z","PT10M13S","3423768","154319746","85530"
"Rj_vssRaZlQ","I Ate The World’s Largest Slice Of Pizza","2020-08-01T20:00:02Z","PT8M3S","4978808","339222956","138443"
"YQDDm9HLkV4","I Adopted EVERY Dog In A Dog Shelter","2020-07-23T20:00:11Z","PT16M4S","5005780","285231343","206914"
"erQ_9yEz0ls","$1 vs $100,000 Firework!","2020-07-03T21:00:20Z","PT11M9S","5580672","271395179","182640"
"OAbP-V6fEVc","I Broke Into A House","2020-06-25T20:00:00Z","PT14M2S","3977417","212791565","197582"
"_qAJMXfL6o0","Would You Rather Have $100,000 OR This Mystery Key?","2020-06-13T20:00:01Z","PT17M55S","4279726","292393467","121326"
"59AYXzCa-Cs","I Built The World's Largest Lego Tower","2020-06-06T20:00:01Z","PT13M56S","3660779","223287262","77076"
"r7zJ8srwwjk","I Spent 50 Hours In Solitary Confinement","2020-05-30T20:10:08Z","PT15M52S","5104435","344452620","116691"
"YSoJPA8-oHc","If You Click This Video I'll Give My Friend .001$","2020-05-23T21:01:02Z","PT17M21S","7557527","230708314","170564"
"5Hg_QSIJm8I","I Gave $200,000 To People Who Lost Their Jobs (Corona Virus)","2020-05-07T19:59:59Z","PT15M19S","1398035","47401514","63210"
"gsWPpE4Rid0","Videos I Could Not Upload...","2020-04-30T20:00:08Z","PT13M32S","4141072","176634119","65599"
"HBMmK1c44sE","I Spent 24 Hours In A Doomsday Bunker","2020-04-11T20:00:00Z","PT11M59S","3427757","230671872","79082"
"oBYbxw8f5OI","Giving $1,000,000 Of Food To People In Need","2020-03-27T20:00:05Z","PT12M29S","1951769","70203682","64519"
"AiGKBNGlzHo","I Ran A Marathon In The World's Largest Shoes","2020-03-21T20:00:02Z","PT13M49S","3536975","189358419","70224"
"_mdKvblL_8s","$70,000 Extreme Hide And Seek - Challenge","2020-03-13T20:00:04Z","PT17M21S","2811837","163132440","66931"
"yXWw0_UfSFg","Anything You Can Fit In The Circle I’ll Pay For","2020-03-07T21:00:00Z","PT19M43S","5338262","341986292","113298"
"F4Y3Pkn95GI","I Ate A $70,000 Golden Pizza","2020-02-29T21:00:22Z","PT12M36S","4453978","287667281","110328"
"KSKJKLmAqpI","Lambo Race, Winner Keeps Lambo","2020-02-08T21:00:02Z","PT14M48S","2758556","153051743","54863"
"IYVjOfoU3uI","I Gave My Credit Card To Random People","2020-02-01T21:00:01Z","PT16M48S","4138105","203699527","97507"
"oI6aXhowFDY","Get Every Boy Scout Badge, Win $10,000","2020-01-25T21:00:01Z","PT13M38S","2312402","131673386","45732"
"LdMx2U5tby0","$60,000 Extreme Hide And Seek - Challenge","2020-01-17T21:00:01Z","PT17M59S","2996490","180866912","50749"
"fY-LA3YaZ_M","How I Gained 15,000,000 Subscribers In 1 Year","2020-01-03T21:10:01Z","PT6M34S","893977","19804542","39517"
"0hVZOJCYBBM","Important Youtube Announcement (please watch)","2019-12-28T21:00:06Z","PT2M35S","2409582","39902317","124619"
"Z9WQy9jEY8M","Giving 10,000 Presents To Kids For Christmas","2019-12-23T21:00:04Z","PT13M48S","3156714","83263733","170166"
"bs0SWXbty18","Spending $1,000,000 In 24 Hours","2019-12-21T21:00:01Z","PT15M10S","4894060","211551165","127643"
"yeqARWqjkps","Last To Take Hand Off $1,000,000 Keeps It","2019-12-19T21:00:12Z","PT15M17S","3452271","153394103","295143"
"wMuYiLby3-s","Last To Stop Riding Bike Wins $1,000,000 (Part 4)","2019-12-14T20:59:57Z","PT11M45S","1504622","69099395","91348"
"NbaWrbJDr48","Last To Leave Toilet Wins $1,000,000 (Part 3)","2019-12-07T21:11:07Z","PT15M46S","1962077","105288130","48623"
"sfv1QaRzJg8","I Ordered Pizza And Tipped The House","2019-12-05T21:00:02Z","PT12M50S","4446295","166056625","105594"
"RwnN2FVaHmw","Last to Stop Swinging Wins $1,000,000 (Part 2)","2019-11-30T21:00:03Z","PT13M3S","2384814","148917743","80546"
"X1jMMFOqxEw","$50,000 Game Of Extreme Hide And Seek - Challenge","2019-11-28T21:00:01Z","PT13M48S","3122955","170829464","50989"
"ORUX1lHbOa8","I Opened A FREE BANK","2019-11-23T21:00:17Z","PT10M52S","3050787","130093419","94109"
"LU_xVr4b2qM","Going Around A Ferris Wheel 1,000 Times Straight","2019-11-16T21:00:47Z","PT12M56S","2638835","135871252","49839"
"tQ4m4zD7BBA","Last To Fall Wins $1,000,000 (Part 1)","2019-11-14T21:00:31Z","PT16M57S","3168646","170451524","56552"
"D9lVNzyhYnc","Surviving 24 Hours Straight In The Bermuda Triangle","2019-11-09T21:00:55Z","PT11M41S","4557347","278759460","101055"
"jokVbbLqV_E","I Spent $100,000 On Lottery Tickets And Won!","2019-10-31T20:00:02Z","PT15M10S","1436537","58689189","29824"
"HPJKxAhLw5I","Planting 20,000,000 Trees, My Biggest Project Ever!","2019-10-25T19:01:01Z","PT7M23S","4543427","120576904","159990"
"Ims5p6wjW9s","Last To Take Hand Off Boat, Keeps It","2019-10-19T20:06:01Z","PT16M48S","2157942","137895263","57038"
"anFxsa5jXrE","I Searched 100 Dumpsters, Here's What I Found","2019-10-12T20:10:01Z","PT17M9S","3226362","238388909","57286"
"QxGVgXf_LNk","Going Through The Same Drive Thru 1,000 Times","2019-10-05T20:00:08Z","PT15M38S","5278109","320955325","132692"
"al6130OD1Ck","Donating $100,000 To Random Streamers","2019-09-28T20:29:58Z","PT14M46S","1919457","67778818","42437"
"d1010B3sKNQ","Surviving 24 Hours Straight In A Rain Forest","2019-09-21T21:00:00Z","PT13M9S","2741396","148459408","73291"
"NS3hse9ezik","Last To Leave Ramen Noodle Pool Wins $20,000","2019-09-13T20:00:05Z","PT14M32S","1605051","78936939","43595"
"npDey6_9YRs","Anything You Can Carry, I'll Pay For #2","2019-09-06T20:00:00Z","PT13M59S","1763139","93686015","34797"
"0NGWT9COcEI","I Gave My Brother 24 Hours To Spend $100,000","2019-08-31T20:00:01Z","PT13M8S","2597138","109944990","56608"
"3LLnjRLrvLU","I Opened A Free Car Dealership","2019-08-29T20:00:00Z","PT15M20S","3560756","160898201","136973"
"bTrV5v7GLcQ","Last To Leave Pool Of $20,000 Keeps It","2019-08-24T20:00:01Z","PT16M39S","3359763","188527010","81538"
"lBYC4_Lccjw","Surviving 24 Hours On A Deserted Island","2019-08-22T20:00:07Z","PT13M52S","3697842","218646491","80737"
"gL6iSCSHjco","Last To Leave Roller Coaster Wins $20,000 - Challenge","2019-08-17T20:00:00Z","PT15M7S","3067036","169297501","66436"
"UQtltNZ_pjs","I Won Every Prize At A Theme Park","2019-08-15T19:59:59Z","PT13M22S","3032779","190291762","67636"
"0DaMUhgcAqo","Destroying My Friend's Car And Surprising Him With A New One","2019-08-10T20:00:00Z","PT14M43S","2867914","116358621","60982"
"TOcGSwJBPMQ","I Spent 24 Hours Straight At Area 51","2019-08-02T21:00:01Z","PT15M15S","4071292","201902155","101008"
"ws694xrKopA","Can 50,000 Magnets Catch A Cannon Ball?","2019-07-20T20:00:02Z","PT9M29S","2218185","136517151","46221"
"UtnsWzaoRtg","World's Largest Game Of Dodgeball","2019-07-12T20:05:00Z","PT11M17S","1707201","93909313","56797"
"6wsFjjhZPJI","Last To Leave Revolving Door Wins $50,000","2019-07-02T20:00:01Z","PT13M44S","3709376","171868286","179692"
"Rmf6T_Ewt38","Tipping Waitresses With Real Gold Bars","2019-06-21T20:00:01Z","PT12M7S","1819853","71018642","83381"
"n6qc4LHN2KQ","I Opened The World's First FREE Store","2019-06-15T20:00:00Z","PT14M51S","2398267","99014528","76092"
"2eFSU7TFOnk","Spending 24 Hours On Top Of A Mountain","2019-06-13T20:00:01Z","PT15M24S","4111771","235605524","116543"
"RCvnytndd9c","Last To Leave VR Wins $20,000","2019-06-08T20:00:01Z","PT14M18S","3291047","170681394","93714"
"AA-VpIj8F5Y","Last To Stop Running Wins $20,000","2019-06-06T20:00:00Z","PT14M58S","2392033","125063148","65710"
"fWcSBWadolA","Paying People $10,000 To Eat Ghost Pepper","2019-06-01T20:05:01Z","PT14M46S","1113871","41007439","34486"
"YyhKdOCwD7s","24 Hours In The Most Haunted Place On Earth","2019-05-30T20:07:01Z","PT15M7S","3169002","157505276","139589"
"ha4tRQwKIUg","I Bought Everything In A Store - Challenge","2019-05-18T20:05:02Z","PT16M56S","4342406","172312762","179991"
"xRwy_rKc7gI","Last To Leave World's Largest Bowl Of Cereal Wins $10,000","2019-05-15T21:05:01Z","PT15M42S","3542108","271706334","87614"
"H1WBdh56Vq4","Spending 24 Hours In A City With No Laws","2019-05-07T21:00:01Z","PT14M29S","3043270","193547317","67437"
"xhIYirjB4Yc","Giving $10,000 To Random People And Saying Nothing","2019-04-30T20:00:06Z","PT15M59S","1853980","83945814","49508"
"HfJMs4mrSJM","Molten Lava Vs Giant Ice Block Experiment","2019-04-27T20:00:02Z","PT7M38S","1856302","101176406","41041"
"tYHTVjfShOA","Anything You Can Carry, I'll Pay For Challenge","2019-04-20T20:00:03Z","PT15M9S","1795715","95005563","90239"
"JTQcIR2ZxU4","Homeless Man Buys A Lamborghini","2019-04-18T20:05:00Z","PT14M20S","4400230","207422316","81222"
"xpNeg0hPZIs","Playing Battleship With Real Ships","2019-04-06T20:05:58Z","PT15M32S","1008703","38549312","34274"
"9yrdFAJUSaU","Donating $100,000 To Shroud In Real Life","2019-04-04T21:05:59Z","PT14M14S","872063","32402216","19811"
"i2O6GMpNWGo","Last To Leave The Tesla, Keeps It Challenge","2019-03-29T21:05:00Z","PT18M29S","2094076","122879824","44686"
"Y6jC6VaO3j0","Donating $100,000 To Streamers With 0 Viewers","2019-03-24T20:00:04Z","PT14M37S","3633352","115022957","77641"
"Ooke4YZv8Ts","Surviving 24 Hours Straight In A Desert","2019-03-16T20:05:00Z","PT14M4S","3452393","192052274","96741"
"ZV7rU6lnAKQ","$200,000 Youtuber Battle Royale","2019-03-12T22:00:00Z","PT13M36S","1739857","57249367","141602"
"iUzi5JmJNWc","Surprising Strangers With 100 Zombies - Experiment","2019-03-03T22:04:59Z","PT9M49S","1788081","61703675","55291"
"9cCpZl8euLI","I Gave A Homeless Man A Home","2019-02-28T22:06:00Z","PT12M57S","2234374","89841457","110944"
"I046_n20d3s","Standing Still For 24 Hours Straight - Statue Challenge","2019-02-22T22:05:59Z","PT18M16S","2044146","126031581","36741"
"2nd73lyvq4w","Giant Monopoly Game With Real Money","2019-02-15T22:05:00Z","PT14M55S","2495567","140147170","68184"
"nuM0Z4a7kMs","I Spent 24 Hours Straight In Insane Asylum","2019-02-10T21:05:00Z","PT15M56S","2354491","124312476","132932"
"qPBtTPJHS0Q","I Advertised Pewdiepie At The Super Bowl","2019-02-04T22:00:01Z","PT12M45S","1241367","45319810","63871"
"A-vX1AGBGsc","Pass All 12 Grades, Win $10,000","2019-01-31T22:05:00Z","PT17M31S","3573392","240471500","142782"
"IiW2smvEcBM","I Opened The World’s Cheapest Store","2019-01-26T21:05:00Z","PT15M19S","1140817","41800668","82033"
"q6Qw8mUVTrE","I Put 10 Million Legos in Friend's House","2019-01-18T22:04:59Z","PT15M17S","1738221","120298516","62275"
"dBxOYE2j55U","Make This Video The Most Liked Video On Youtube","2019-01-16T22:05:01Z","PT13M11S","30195677","156062128","309604"
"984NGLLYDUg","20,000 Magnets Vs A Car","2019-01-14T22:05:00Z","PT12M3S","767507","34529203","23352"
"7zi0bi-RDj4","Eating A $10,000 Golden Steak (24k Gold)","2019-01-11T22:05:00Z","PT16M30S","2455501","165990645","89180"
"XaxhLbxZ13k","Last To Take Hand Off House Keeps It!","2019-01-08T21:05:00Z","PT17M30S","1688400","103627153","44326"
"L8nh1wuXTbI","I Gave Him One Hour To Spend $100,000!","2019-01-01T21:05:01Z","PT13M45S","1649820","84019070","68120"
"9-HphHIJS9c","How I Gave Away $1,000,000","2018-12-25T21:05:01Z","PT15M14S","487013","14580430","33561"
"rPXmbM2UEbU","Giving $100,000 To A Homeless Person","2018-12-23T21:00:01Z","PT14M44S","1020397","31602433","69724"
"sESRuTyfsEk","I Spent 24 Hours Straight In Prison - Challenge","2018-12-19T21:05:02Z","PT13M1S","2119206","120374878","73827"
"QapO3maXd9k","Donating $10000 To Pewdiepie","2018-12-16T21:05:02Z","PT15M15S","1721998","47447190","48937"
"71VpdDb8e6U","Last Youtuber To Leave Wins $100,000 - Challenge","2018-12-12T21:00:02Z","PT24M39S","2159119","106987866","94308"
"Su34c5Z8DW4","I Put Millions Of Pennies In My Friends Backyard","2018-12-08T21:05:02Z","PT14M41S","2855423","190970525","64254"
"e5DqdX-7_g4","Surprising TFue With A Fortnite Battle Bus In Real Life","2018-12-07T22:11:00Z","PT14M25S","1885956","103437966","62871"
"9vB-48kHbBU","I Built A Giant House Using Only Legos","2018-12-02T20:05:01Z","PT13M49S","1031740","65399784","48518"
"3ix_gbcubTo","Last To Leave Slime Pit Wins $20,000 - Challenge","2018-11-30T21:11:01Z","PT17M50S","2422893","152889406","73184"
"mGIpOtncmSM","Saying Pewdiepie 100,000 Times","2018-11-25T21:07:01Z","PT11H48M40S","1685615","26790377","166317"
"VqnQ-0q2gb4","Destroyed Friend's House And Bought Him A New One","2018-11-24T21:06:01Z","PT14M38S","1126973","44002960","67615"
"3TflpIllQHY","I Put 100 Million Orbeez In My Friend's Backyard","2018-11-22T21:08:01Z","PT14M45S","5539256","259788350","145323"
"1SwVSTKFCsc","Spending $40,000 In One Hour Challenge","2018-11-17T21:06:02Z","PT14M3S","929131","45038632","54283"
"ZPuEUe_8SRM","Giving My 10,000,000th Subscriber 10,000,000 ___","2018-11-13T21:05:04Z","PT18M19S","813100","29927334","32009"
"gKVZz4kcuns","$10,000 Games Of Rock Paper Scissors","2018-11-04T21:05:02Z","PT12M52S","511338","18677156","24945"
"nywT2SenPIo","Last To Remove Hand, Gets Lamborghini Challenge","2018-11-02T20:05:01Z","PT19M45S","1720317","98074075","73484"
"xBP9EUQIkNs","You Pick The Right Cup, You Win $100,000!","2018-10-28T20:06:01Z","PT17M35S","971350","36330858","35192"
"qZNxvnQv0h4","I Bought Every Billboard In My City For This","2018-10-26T21:06:02Z","PT15M31S","1308894","38882878","104766"
"uE6gud1voDs","Ordering Water Then Tipping $30,000","2018-10-23T20:11:02Z","PT11M45S","1205778","46553191","46284"
"f0M64XpmTz8","I Spent $50,000 On Lottery Tickets And Won ____","2018-10-19T21:05:02Z","PT16M54S","744293","31448668","33152"
"Gz3yak1cl-8","Last To Leave Circle Wins $10,000 - Challenge","2018-10-12T22:05:04Z","PT16M36S","1679038","99365230","58848"
"9GD6hbqu2oM","I Spent 24 Hours Straight In Slime","2018-10-09T20:05:02Z","PT14M38S","931955","44215912","32606"
"GUWGsIVEMSQ","Surprising Tfue With $10,000 Live - Fortnite","2018-10-04T20:07:01Z","PT15M23S","1538427","75863095","47069"
"wDqJZ_2ZA3A","I Spent $30,000 On Lottery Tickets And Won ____","2018-09-28T21:05:00Z","PT15M34S","425385","17395608","21540"
"RywkkwO78m8","Flat Earth PROVEN By Independent Research","2018-09-22T20:05:01Z","PT11M52S","792703","29061449","132992"
"P4qWhSZ7_WA","Things That SHOULDN'T Be Sold On Amazon","2018-09-21T22:06:01Z","PT14M6S","2294535","153104981","55674"
"UlUcwJc5nBs","Surprising My 8,000,000th Subscriber With 8,000,000 ___","2018-09-19T20:05:01Z","PT18M52S","583584","37465519","18281"
"qAW6CE7_bFM","I Donated $25,000 To Random Kids Streaming Fortnite","2018-09-14T20:09:01Z","PT17M37S","1326033","66604005","39687"
"tBEBc4KQVsU","I Hope This Magic Trick Works","2018-09-11T21:13:59Z","PT16M22S","713749","43737619","18749"
"q0OK-zHnvnA","Can A Glowing 1000 Degree Sword Slice A Car In Half?","2018-09-06T21:09:00Z","PT9M58S","1135942","70094880","37586"
"bFZdU9dr4OM","Rocket League In Real Life!","2018-09-01T21:08:58Z","PT12M55S","538362","28847108","16072"
"nd-bwvNB7YA","Destroying My Friend's Car And Surprising Him With A New One - Slime","2018-08-28T22:08:59Z","PT16M11S","2498277","122661815","66963"
"6_im_hGxGRk","Spending 24 Hours Straight Under Water Challenge","2018-08-24T22:09:00Z","PT15M11S","3572052","146321308","105412"
"b91vrgVY-ZQ","Attempting The Impossible Maze - $10,000 Challenge","2018-08-15T21:08:59Z","PT19M47S","1003815","57171923","32029"
"52ubXjlVzUY","Donating $100,000 To A Random Fortnite Streamer","2018-08-05T22:00:00Z","PT22M57S","1112384","53795614","50382"
"XHb7g6yuGgE","Moving 10 Pounds Using ONLY Sound","2018-08-02T21:09:00Z","PT13M46S","1208990","46006009","49692"
"rH1D_3G56DY","Returning Destroyed Rental Cars Prank","2018-07-27T21:09:00Z","PT10M30S","620445","37489190","17336"
"-0zoWMSEOGg","I Gave My 6,000,000th Subscriber 6,000,000 ____","2018-07-25T21:11:00Z","PT18M33S","393488","17758221","31949"
"WRzIuC2MKOU","Can 1,000 Fans At Max Speed Push A Car?","2018-07-17T21:41:02Z","PT11M53S","618591","28838233","36409"
"foLlul8Tl3E","I Donated $50,000 To Ninja - Fortnite","2018-07-14T21:06:00Z","PT17M54S","2140383","98880796","59187"
"3iaDrpKdaIc","I Ubered Random People In A Tank","2018-07-11T21:16:00Z","PT10M4S","859949","30280506","42846"
"qrIh-ZHN4-E","World's Hottest Substance Vs Coldest Substance","2018-06-30T21:09:00Z","PT11M52S","1790445","98022341","53851"
"mpZWt5pGKZ8","The Real Way Dinosaurs Went Extinct","2018-06-28T21:12:01Z","PT5M51S","805096","29741087","43462"
"vbph9F_pRNI","I Donated $1000 Every Time She Blinked - Fortnite Streamers","2018-06-24T21:10:00Z","PT15M46S","638506","21898678","24381"
"XE9pUM9MEFA","I Built A Working Car Using Only LEGOS","2018-06-23T21:09:58Z","PT12M29S","1640380","75412336","98465"
"wbzD04leeLI","Do Water Repellent Shoes Actually Work?","2018-06-22T22:11:00Z","PT11M38S","2000264","132887819","63701"
"MC5h-ShR-S8","We Drove 3,000 Miles For The World's Best Burger","2018-06-09T21:13:59Z","PT13M49S","1222213","55408776","93573"
"dp8IaLrZpGs","I Gave My 5,000,000th Subscriber 5,000,000 ______","2018-06-08T22:36:59Z","PT11M11S","292048","11377902","18900"
"97Gh93Daio0","I Made Money Grow On Trees","2018-06-01T22:09:00Z","PT10M29S","428511","17396839","35847"
"t4OumncEiKo","I Took Apart My Friends Car And Put It In His Room","2018-05-25T22:41:59Z","PT10M16S","315883","15969365","12150"
"Ejou8aa5eZk","How Many Rubber Bands Does It Take To Snap A Safe?","2018-05-22T22:14:01Z","PT10M16S","909274","37450112","43922"
"ehEuczQUh8E","Pulling Cars Over Using A Toy Police Car","2018-05-13T21:10:01Z","PT13M17S","540747","24812038","18387"
"uBC7805Smsg","I Gave $500,000 To Random People","2018-05-11T22:40:59Z","PT15M3S","452234","15261445","30495"
"d8pJkuSp1iI","How Many Toy Cars Does It Take To Pull A Real Car?","2018-05-04T22:08:58Z","PT11M48S","758670","41400129","26507"
"dFr5YQaQQdo","I Gave $20,000 To People From An Ice Cream Truck","2018-05-02T22:11:00Z","PT13M42S","346120","14823474","20917"
"xBLxMfO3pDw","$10000 Ice Sculpture Vs Flame","2018-05-01T22:09:00Z","PT15M9S","502469","23964593","29438"
"d7QmQtNwhcU","Can 1,000 Rolls Of Duct Tape Stop A Car??","2018-04-30T22:09:00Z","PT10M23S","543993","27020828","24254"
"NZR4WEjpOQg","Winning A Game Of Fortnite In The Middle Of The Ocean","2018-04-25T22:09:02Z","PT9M44S","778645","31567418","46643"
"vETSAZgfDP4","I Flew Using Only Balloons AND Leaf Blowers","2018-04-23T22:09:02Z","PT11M18S","650184","32861619","44243"
"zE3FLbpu9-Q","I Donated $40,000 To A Random Twitch Fortnite Streamer (world record)","2018-04-21T21:07:02Z","PT21M17S","629462","24636086","28867"
"Izmibu7dxcs","Destroying My Friend's Car And Surprising Him With A New One","2018-04-13T22:21:00Z","PT15M12S","625804","39373375","35439"
"2Pvt8awds44","Walking Up To Random People With 100 StormTroopers","2018-04-11T22:09:01Z","PT10M4S","500965","20305478","37975"
"n9BbAfbsyj0","I Donated $10,000 If They Said This Word (Twitch Streamers)","2018-04-04T22:19:00Z","PT13M5S","553513","20155894","21726"
"WZ2rYlVxt4g","Giving My 4,000,000th Subscriber 4,000,000 Cookies","2018-04-02T22:09:01Z","PT10M41S","340778","13428428","24015"
"CWK6an4mYL0","I Tipped Waitresses $20,000","2018-03-30T21:09:03Z","PT12M24S","355177","15033993","19419"
"VwWV4JelEzY","Walking Into Random Stores With 100 Dinosaurs","2018-03-22T22:43:02Z","PT10M12S","893868","33887911","44102"
"koRKIlRQj4g","I Built A Mansion Using Only Cardboard Boxes","2018-03-20T22:50:00Z","PT7M8S","572790","25950361","23150"
"XKFKPQHdWRI","Breaking Glass Using Only Megaphones","2018-03-17T22:22:47Z","PT8M54S","1399708","54438097","74097"
"yuGEB4ZZdUQ","Tying My Shoes In Every State (World Record)","2018-03-16T22:09:02Z","PT15M10S","452382","18189847","40746"
"sg_XFT4K3N4","I Dropped $20,000 From A Drone","2018-03-08T00:13:02Z","PT11M45S","247878","7844081","16979"
"szt8xabJoSo","Donating $10,000 To Fortnite Streamers If They Win","2018-03-03T23:21:02Z","PT14M31S","273215","11396914","15581"
"Fbl3E_XCQfA","Trying To Fly Using Only Leaf Blowers","2018-03-01T23:09:03Z","PT13M2S","427214","18470146","28281"
"Pe3pGsCeYXg","Giving 3,000,000 Pennies To My 3,000,000th Subscriber","2018-02-22T23:14:03Z","PT10M10S","235132","8885890","21738"
"yzGmnjDFuZE","I Donated $30,000 To My Favorite Twitch Streamer (ninja)","2018-02-21T23:19:01Z","PT11M17S","856737","36819797","38232"
"op0N7axawJA","I Gave $20,000 To Random Homeless People","2018-02-17T00:40:00Z","PT10M56S","1300015","47749679","72138"
"l_huIWJBhJM","I Bought An Expensive Car Using Only $1 Bills","2018-02-13T23:10:01Z","PT10M29S","1074005","37771131","35003"
"7ALCsEyn3mg","I Bought The World's Most Expensive Apps ($10k)","2018-02-08T23:35:00Z","PT10M19S","757932","27126221","24630"
"CvMRiR4k49Y","We Delivered 100 Pizzas To Random Houses","2018-02-02T23:12:01Z","PT10M3S","227560","9230314","10834"
"g2rbhIB-ITM","I Donated $30,000 To A Random Twitch Streamer (world record)","2018-01-28T00:11:02Z","PT18M26S","1050362","32940393","54234"
"nLpqZEAFnkE","I Bought A Car Using Only Pennies","2018-01-25T23:10:03Z","PT12M8S","718615","26671002","37965"
"sirrTXiPFmw","I Bought One Snickers Bar From Every Walmart","2018-01-13T23:15:01Z","PT10M8S","1115463","45152096","69133"
"nRkwuTOESCc","Donating Big Donations To Twitch Streamers!!!","2018-01-11T22:37:00Z","PT18M38S","579956","27811852","35955"
"AS6WMS_Bemg","I Can't Believe I Found This Stuff On Amazon..","2017-12-22T23:19:10Z","PT7M8S","1185370","31404762","23567"
"wMn8d7IeCYM","Saying ""Keep Net Neutrality"" For 10 Hours","2017-12-17T20:37:34Z","PT10H2S","84924","2461084","9757"
"BMZP4CtphaU","Life Hacks You Need To Know","2017-12-08T22:49:10Z","PT6M50S","200938","7412664","10575"
"ln9aLVd__8w","Can 100,000 Pieces Of Paper Stop A Bullet?","2017-12-06T22:46:59Z","PT12M39S","480050","26041804","55867"
"93s1JECSy60","Giving My Mom $100,000 (Proudest Day Of My Life)","2017-12-02T21:10:08Z","PT11M8S","1547900","32651374","44905"
"YR6Wh2Zy9jE","2,256 Miles In One Uber Ride (World Record)","2017-10-28T22:30:00Z","PT10M8S","1111257","43976504","42317"
"5PCxQSMOl3o","i'm really sorry","2017-10-26T21:30:00Z","PT3M11S","203897","5978691","10031"
"5qzAVMe_SnM","Hi Me In Two Years (Made Two Years Ago)","2017-10-04T21:30:00Z","PT1M50S","598731","13829626","38101"
"zAAXW7ySu1k","Tipping Uber Drivers $10,000","2017-08-30T22:40:02Z","PT11M14S","127683","4677099","7981"
"sx5k8xd_VoU","Going To The Connor McGregor fight!","2017-08-28T20:31:04Z","PT5M42S","229140","6143912","11035"
"uotb9ZHnI2g","Tipping Pizza Delivery Guys $10,000","2017-08-23T21:44:24Z","PT10M27S","699400","23192872","39543"
"nPlqRbVFBHI","Microwaving my iPhone, what happens next might shock you..","2017-08-20T19:37:51Z","PT5M36S","123222","2805266","8438"
"_FX6rml2Yjs","Saying Logan Paul 100,000 Times","2017-08-19T14:00:58Z","PT17H6M7S","929903","23756534","108226"
"kupaqq-xJ_8","Donating $10,000 To Random Twitch Streamers","2017-08-15T19:20:09Z","PT14M42S","226242","10888945","17565"
"Er6QUQZbv0w","Breaking The Law","2017-07-09T21:20:50Z","PT3M56S","830051","32254710","33481"
"4KVmSG6KS2k","Giving Homeless People $1,000 (Not Clickbait)","2017-06-28T22:00:02Z","PT8M47S","229129","6687772","18775"
"Lx9fRu5ehFo","We Are Better Than Dude Perfect","2017-06-24T18:40:12Z","PT2M37S","665276","28444804","37511"
"KcsRxHwGz7A","Every Challenge I've Ever Done","2017-06-23T18:31:22Z","PT23H48M6S","29971","966266","4535"
"ZJwX2jTXWwQ","Watching It's Everyday Bro For 10 Hours Straight","2017-06-17T21:06:02Z","PT10H11S","823552","28499255","69539"
"N_GMakKf7G4","Giving A Random Homeless Man $10,000","2017-06-15T23:10:02Z","PT10M2S","565488","11430569","33678"
"63gyUQ_JeOE","Toothpaste Life Hacks YOU SHOULD KNOW","2017-06-13T22:30:01Z","PT4M22S","495655","19796973","15016"
"IZVbzNRUlQI","Reading The Longest English Word (190,000 Characters)","2017-06-02T22:00:01Z","PT1H54M49S","815815","35810700","57346"
"8D3vI1615K4","Fidget Spinner Vs Face (Legit Had To Get Stitches)","2017-05-02T23:30:00Z","PT7M7S","1671316","44908508","88664"
"igVcy5dtN80","Grilling A Microwave Microwaving A Microwave Microwaving A Toaster Toasting An Iphone Watching Micro","2017-03-30T22:10:41Z","PT3M8S","72662","2173582","4942"
"dEOlvTqYUNo","#1 MOST INSANE MAGNET LIFE HACK EVER","2017-03-24T21:40:17Z","PT5M9S","518360","26318091","17857"
"AS5CxLCWq-Q","Watching Dance Till You're Dead For 10 Hours","2017-03-21T22:40:12Z","PT10H1S","2618601","55117932","null"
"jtOalDNVrKM","I Can't Break My Strange Addiction","2017-03-19T21:45:07Z","PT4M45S","95666","1977307","8795"
"dDYP56hEYF0","OMG! INSANE CUP FORT","2017-03-14T22:40:01Z","PT4M11S","96081","4170451","9225"
"pJSbLk-Iixc","Savage Level 9000","2017-03-08T23:10:06Z","PT1M50S","320712","7427035","14874"
"iengNekeTNo","Reading The Youtube Terms Of Service","2017-03-07T23:10:02Z","PT25M57S","19886","581315","3558"
"rqUvnLPvbrM","Reacting To The Reaction Of The Reaction To The Reaction Of The Reaction Of The Reaction To The Reac","2017-02-22T00:00:04Z","PT33M29S","321458","7744145","24556"
"9CVwXBYVqVk","Counting To 200,000 (Road To A Mil)","2017-02-18T00:00:03Z","PT23H34M38S","156328","4151131","19163"
"i8pmk5xnO2s","Microwaving Dry Ice (Microwave Explodes)","2017-02-09T22:29:35Z","PT5M56S","96484","3363877","5629"
"xWcldHxHFpo","I Counted To 100,000!","2017-01-09T00:00:39Z","PT23H48M7S","1543752","33886115","138804"
"YH1-fDzHHpo","we are number one but every one is a bad intro","2016-12-25T00:00:00Z","PT3M41S","56200","1996178","8184"
"ntlG5XgYg4k","Microwaving A Microwave Microwaving A Toaster","2016-12-23T00:00:04Z","PT14M17S","89498","4992946","14918"
"Qy17S3g8ZuY","HOW TO UNLOCK ANY IPHONE WITHOUT THE PASSCODE","2016-12-21T02:00:00Z","PT8M51S","579058","23184941","33161"
"PJyWmlWNor8","WHY DO THEY SELL THIS ON AMAZON?","2016-12-18T02:00:04Z","PT8M31S","712838","8871811","12992"
"KzwTYZ2W3ZA","Microwaving A Microwave","2016-12-09T02:45:18Z","PT9M5S","438376","11916587","41063"
"9fa_JYTPZ2Y","IF YOU ONLY SEE ORANGE YOU'RE COLOR BLIND","2016-12-05T02:21:43Z","PT3M53S","92455","1850283","7558"
"t1BWMa8btIw","I Mailed Myself IN A BOX & it REALLY WORKED! (Human Mail Challenge)","2016-11-30T02:31:18Z","PT5M2S","453189","16566584","15780"
"2O8wta4FsD4","STUPIDEST PERSN ON EART (Really Dumb)","2016-11-28T00:01:52Z","PT4M22S","182877","2539309","12276"
"dSDBr0WjrwQ","Reading The Entire Bee Movie Script But Everytime They Say ""Bee"" I Repeat All the Previous Bees","2016-11-25T01:43:37Z","PT1H30M59S","215370","11031158","11778"
"DbC9CauTXoM","THE WORST THINGS EVER TO EXIST","2016-11-19T00:40:47Z","PT4M40S","326141","3821728","18064"
"yhNcDBnQsEY","BLOWING UP $1000 KEYBOARD *RIP WALLET*","2016-11-11T23:02:10Z","PT5M","224791","3892370","4881"
"Wyyqz3OxB5c","MY $1000 KEYBOARD CHANGED MY LIFE","2016-11-03T21:32:53Z","PT3M33S","352271","13460571","7762"
"KO8B2kw_Jxs","I BOUGHT A 1000$ KEYBOARD","2016-10-25T21:06:50Z","PT6M21S","38413","1647982","2789"
"NEDPgQYhbqs","IF ONLINE ADS WERE REAL","2016-10-16T20:30:00Z","PT4M36S","574771","9908090","17604"
"DpIvW6av0pI","IT FINALLY CAME IN THE MAIL","2016-10-10T21:05:39Z","PT5M3S","12278","372454","1334"
"RPcXg2-0ejw","Bleach Bottle Flips (COP CALLED)","2016-10-09T20:06:23Z","PT4M43S","55292","1252609","3084"
"jhYG5BStQSk","Hi Me In A Year (Scheduled Uploaded A Year Ago)","2016-10-04T21:00:01Z","PT1M59S","58145","1855189","4875"
"wTIPpjUgAFE","Epic New Gaming And Youtube Setup 2016","2016-09-30T22:32:04Z","PT5M","15291","431163","927"
"Fzh65vCyHWQ","24 HOUR EXPLOSION GIVEAWAY! WIN GIFTCARDS","2016-09-05T22:31:58Z","P1DT2S","35493","862042","4554"
"vBp0bzVr09s","LISTENING TO OLD VOICEMAILS FOR THE FIRST TIME","2016-08-28T21:00:01Z","PT5M13S","12071","407384","1062"
"AXjdI_LHWJU","GAMBLING MONEY WITH SCRATCH OFF TICKETS","2016-08-26T22:30:01Z","PT7M56S","59694","3109198","3398"
"dJCsc_Cq9i4","BEST WALMART TOILET PAPER FORT","2016-08-24T21:00:01Z","PT4M16S","50568","1483890","2985"
"bqpKlkPpT10","100 LAYERS OF SARAN WRAP + TOILET PAPER!!","2016-08-23T21:01:56Z","PT7M43S","139150","3380698","6762"
"TIIU1ivhLKs","WORST REVIEWS ON AMAZON #4 *FUNNY*","2016-08-21T21:17:07Z","PT3M23S","123830","1661706","3543"
"G4qOiwIE_o0","HOW MUCH MONEY DO YOUTUBERS MAKE?","2016-08-14T20:20:03Z","PT3M25S","151222","3158328","5451"
"yozl6enFC-w","THE WORST SONG ON YOUTUBE *CRINGE*","2016-08-08T20:00:02Z","PT4M8S","42117","854390","6638"
"LP_mGU3CgXk","SURPRISING MY BROTHER WITH A LAPTOP","2016-08-07T19:35:12Z","PT2M56S","127297","1944213","4533"
"DoIQMkoYSzw","SELLING ORGANS FOR $1,000,000","2016-08-02T20:02:21Z","PT5M35S","120140","3633062","7304"
"e-If_d_bzfI","POKEMON GO STEREOTYPES","2016-07-14T17:36:53Z","PT3M27S","64519","2334387","2724"
"5J6-5g2alp8","100,000 SUBSCRIBERS.EXE","2016-07-08T20:00:00Z","PT4M26S","84572","1601447","8559"
"qjGNBluF6_I","WORST REVIEWS ON AMAZON #2 HOW IS THIS LEGAL?","2016-07-02T20:30:01Z","PT4M50S","45813","1208336","5023"
"TLoDwqQF5ug","BLOWING UP MY TABLET","2016-07-01T20:30:01Z","PT2M32S","7686","188219","1276"
"uAFGIQPWL54","Worst Reviews On Amazon #1 (Minecraft Edition)","2016-06-26T21:24:27Z","PT2M7S","17262","723542","1393"
"SaDDjW9Rw-M","WORST THUMBNAILS ON YOUTUBE #3","2016-06-21T20:01:20Z","PT3M4S","35363","950323","1723"
"CHdy9wND1jo","REACTING TO MY OLD MINECRAFT VIDEOS (HORRIBLE)","2016-06-19T20:36:36Z","PT8M43S","35479","1357797","2740"
"9LiS_3HEErU","HOW TO MAKE A GOOD INTRO FOR YOUTUBE","2016-06-14T20:51:19Z","PT3M4S","6164","193824","1364"
"hRj5qNfkdO0","WORST BANNERS ON YOUTUBE #1","2016-06-13T21:13:33Z","PT3M36S","19143","690354","3614"
"ocruJKe2tFk","50,000 Subscribers.exe","2016-06-11T21:01:16Z","PT3M35S","23754","623373","3563"
"MgRMNzKknto","Dude Perfect 4.0 - We Are Totally Better","2016-06-06T21:01:41Z","PT3M33S","13086","442535","1745"
"tqO3_AKC5Ks","CUTTING TABLE IN HALF WITH PLASTIC KNIVES","2016-06-04T20:31:28Z","PT3M57S","165987","3793020","6906"
"XW1TsAVdXsw","BEST INTROS ON YOUTUBE #1","2016-06-01T20:42:11Z","PT3M5S","809332","28595235","27292"
"Qhdj_Umh1IE","Motivation For Youtubers #6 LAST ONE","2016-05-24T15:00:01Z","PT2M59S","6624","172173","526"
"fN_RQFqaGHI","How Many Licks Does It Take To Get To The Center Of A Tootsie Pop?","2016-05-19T21:00:01Z","PT12M37S","12331","400154","2500"
"hC3xW8xeCDs","Motivation For Youtubers #5","2016-05-15T21:00:01Z","PT2M28S","9230","216740","580"
"xGJEPTCw9GU","18th Birthday QNA - Mom's Hair Dryer Age?","2016-05-07T21:00:00Z","PT3M52S","15872","415924","867"
"FmjsePPBbdU","WORST MEMES AND TRENDS ON YOUTUBE!","2016-05-01T21:00:00Z","PT3M51S","13061","653566","1335"
"lMLEcUXz6T8","Cereal Commentary","2016-04-28T00:36:58Z","PT5M39S","5821","187947","644"
"BKJy7BFP3Is","WHERE IS MY COOKIE?????","2016-04-24T21:31:29Z","PT2M42S","12522","132544","1210"
"1gfgZhW3YgU","How Much Money Do Big Youtubers Make? (Pewdiepie, Markiplier, etc)","2016-04-22T21:02:56Z","PT3M48S","4821","129103","456"
"VXmKt_1T0QM","Struggles Of Being A Youtuber","2016-04-19T21:30:01Z","PT3M14S","5789","161579","1184"
"6XCUHLhdnEY","Reenacting Youtubers","2016-04-16T21:32:25Z","PT3M41S","7268","199870","572"
"ttWTSskmxTA","Life Before And After Gamma (Insane) @GFuelEnergy","2016-04-13T23:08:34Z","PT2M41S","2525","65558","725"
"5bCyFf8lSfk","Worst Thumbnails On Youtube #2 - Cringe","2016-04-10T22:00:00Z","PT2M13S","10279","297629","552"
"ngVEpJs5A5s","Motivation For Small Youtubers #4 - Inspiration For Youtubers","2016-04-08T00:11:29Z","PT3M10S","7556","164606","645"
"zjC48c3ptt0","Scheduled Uploaded 6 Months Ago (REACTION)","2016-04-06T21:02:02Z","PT5M22S","5354","153517","490"
"rS2sntC-lJI","Dude Perfect 3.0 - We Are Better","2016-04-04T21:30:00Z","PT3M13S","21384","745007","1838"
"fG1N5kzeAhM","Dear Future Me (Scheduled Uploaded 6 Months Ago)","2016-04-04T19:30:01Z","PT2M25S","139202","2578350","12840"
"vT_gRRMjDi0","$100 GIVEAWAY PRANK (NO WEAPONS INVOLVED)","2016-04-03T21:00:00Z","PT4M51S","1947","75540","249"
"dfcPUqiivDY","GIVING AWAY $100 ITUNES GIFT CARDS","2016-04-01T20:45:18Z","PT2M10S","4809","172447","500"
"zCR6DJX7Kak","Walking Dead Daryl DIED (Fan Reaction To Death)","2016-03-28T02:10:15Z","PT43S","5219","189860","538"
"4cX-w-ia0RU","Why Do Youtubers Ask For Likes?","2016-03-27T21:50:19Z","PT3M21S","12082","183767","671"
"2nVjy-zd65Q","Making My Background More Epic","2016-03-26T21:00:00Z","PT3M28S","2666","65567","379"
"xlzpD4GeBW0","Doing Youtube For Fun Or Views?","2016-03-23T23:51:29Z","PT3M45S","2733","65555","325"
"8ZTy3K2QgOY","Pranks That Went Horribly Wrong","2016-03-19T21:00:00Z","PT4M34S","90169","2192373","2940"
"k9zko79_3_I","Who Founded Faze? Who Created Faze Clan?","2016-03-18T00:23:07Z","PT5M25S","72853","2068600","3752"
"fYnPyLfxSJg","Subscriber Goals For 2017","2016-03-09T23:35:32Z","PT3M54S","2988","91009","1351"
"pBH_QL4JGcI","20,000","2016-03-08T00:35:01Z","PT4M16S","6521","228399","882"
"1wtFD9zSQO8","The Dreaded Unanswerable Question","2016-02-29T23:56:41Z","PT4M30S","5458","225974","391"
"VqhjiwmGNKA","WORST THUMBNAILS ON YOUTUBE","2016-02-28T20:48:25Z","PT2M36S","24880","641960","1168"
"EhZ9gHZOZT8","Beast Goes Camping (Didn't Go Wrong) (Didn't Go Sexual)","2016-02-20T23:07:55Z","PT4M45S","5608","238411","388"
"LHtkve6-O0g","NBA Interviews Gone Wrong (No Gun Pulled)","2016-02-20T14:56:51Z","PT2M34S","2088","75811","162"
"m3Ol8zn7brk","Movie Trailers Be Like","2016-02-15T18:31:34Z","PT1M42S","4678","124240","277"
"qBiZA4QDsj0","What Is Youtube Red? Should I Buy Youtube Red?","2016-02-10T23:42:47Z","PT4M39S","3934","117091","349"
"NeOrh4GnPZ4","Things I Hate #2 - Youtube Edition","2016-02-09T01:26:28Z","PT4M21S","7798","184808","1431"
"fWhfOAuOqjY","Super Bowl Commercial 2016 Cost - How Much Does A Commercial Cost In 2016 Super Bowl?","2016-02-07T18:20:40Z","PT2M57S","2638","105857","329"
"9Ax56oRhcZc","Counting To 10000 In One Sitting","2016-02-01T00:27:55Z","PT3H29M41S","708715","68473123","56930"
"-cWVrFABWHw","HOW TO MAKE A VIRAL PRANK VIDEO 100% LEGIT","2016-01-26T21:38:09Z","PT2M26S","6262","189528","440"
"z7qtJAAV5d0","Is Obama Dead? Dumb Google Searches!","2016-01-24T00:21:47Z","PT5M24S","4738","235722","296"
"9pk-neTrDoM","How To Be MrBeast (Made By Really Old Subscriber)","2016-01-23T19:46:56Z","PT5M21S","2960","77297","283"
"JQscW6DfNZY","Should You Play Video Games?","2016-01-22T17:04:58Z","PT2M59S","4396","106898","200"
"9smE_EiKJ8Q","School Is A Waste Of Time","2016-01-21T22:45:37Z","PT2M54S","5911","141469","744"
"hfaPkoXeYfU","Is Michael Bay My Dad????????","2016-01-18T21:46:21Z","PT1M42S","2463","83743","252"
"u0hHxeWkB_o","Lottery Taxes - How Much Tax Is If You Win The Lottery","2016-01-16T19:25:35Z","PT3M40S","3688","140509","255"
"64WGWubQO3I","Motivation For Small Youtubers #3","2016-01-12T00:57:36Z","PT3M31S","9663","193805","1219"
"QJUs6CSRCFU","Giving Away Two $15 Gift Cards (forgive me boyz)","2016-01-10T23:32:03Z","PT3M11S","3252","65563","598"
"Om4c4ilT_6g","Do Dislikes Matter On Youtube - Are Dislikes Bad Or Good?","2016-01-07T22:19:01Z","PT4M24S","23654","389823","2012"
"GbOfxRfHdeg","How To Get Active Subscribers On Youtube? Tips 2016","2016-01-05T22:05:42Z","PT5M45S","4632","103328","732"
"yzxYCRDcGDs","Reaction Channels Are Stupid??????? #JCTG","2016-01-05T01:49:06Z","PT3M14S","2277","83099","438"
"PCakYf_PnT0","Goodbye Laptop","2016-01-01T23:49:09Z","PT2M16S","7069","176984","615"
"8nv_ltg4RAg","2015 Year Highlights","2015-12-30T20:18:43Z","PT4M","2748","83491","557"
"VvphlSvCyj8","MrBeast Rest In Pepperoni 6000","2015-12-27T20:15:59Z","PT3M4S","5923","231330","459"
"JP3v6UxI124","How To Think Of Good Video Ideas (Tips)","2015-12-26T17:38:52Z","PT6M13S","8512","142464","583"
"jRURlbRAUhI","Whats That Song Name?","2015-12-24T17:01:11Z","PT1M52S","7587","201621","1440"
"I_3R9YGFlHE","The Anti-Beast","2015-12-23T23:51:22Z","PT2M39S","31319","1031668","1801"
"xjJJ_wDlc1E","Reacting To Family Accounts (MamaBeast, MrBeast'sLaptop, Etc)","2015-12-22T22:30:23Z","PT9M24S","20556","954145","1947"
"cqirhwhq_qM","Do Youtubers Pay Taxes????? (USA)","2015-12-19T19:21:52Z","PT6M31S","4646","122303","426"
"3IQdDBwc42o","Why Does This Video Have No Thumbnail?","2015-12-15T01:43:00Z","PT3M1S","4280","112157","451"
"4YHnf3YepwU","Totally 100% Real Epic Ping Pong Trickshots","2015-12-11T22:00:01Z","PT1M21S","4565","111681","312"
"uxzBq4Y_fNw","Exams Be Like","2015-12-10T00:15:18Z","PT3M54S","15855","577057","1269"
"HIhUkvAG0o4","How Many People Have A Silver Play Button????","2015-12-08T22:22:47Z","PT3M33S","14073","540913","860"
"cpI5lCaqZcQ","How To Get More Views And Subscribers On Youtube (2016)","2015-12-03T21:00:00Z","PT3M12S","3583","82961","334"
"6zQhLOw1nw8","Should You Do COD Commentaries In 2016????","2015-12-02T23:51:26Z","PT3M47S","1501","65554","294"
"mfvi_jgdVqE","THINGS I HATE #1","2015-12-02T01:20:16Z","PT3M40S","16402","523358","1711"
"zExxMxcoJ6A","Worst MrBeast6000 Intros?? (Fan Made!)","2015-11-30T21:38:00Z","PT2M13S","13437","503516","1613"
"hD_Af6W2qug","Dear Razer Can I Have My 70$ Back?????","2015-11-29T21:10:16Z","PT2M59S","366319","8029407","28662"
"XOtTKQujlkI","How Many People Get The Golden Play Button? (1,000,000 Subscribers)","2015-11-28T00:45:38Z","PT3M","4063","173832","598"
"dRqthQ2Mc_0","Spam404 Has Terminated 5,000,000 Videos (Including Pewdiepie)","2015-11-26T17:36:51Z","PT2M23S","2777","120908","294"
"8TFq_vvO_Wg","MrBeast6000's First Video (So Bad lol)","2015-11-19T21:29:40Z","PT3M7S","531846","14257094","34715"
"oo8ve4Ldpck","The Evolution Of My Youtube Banners","2015-11-18T21:16:57Z","PT59S","2570","82619","407"
"sKn8Tbp2a-4","Shark Tank Most Successful Products, Entrepreneurs, Or Businesses 2015","2015-11-08T19:33:42Z","PT4M54S","1412","152911","193"
"g0IrVKXIbmE","PSYCHO FRIEND SMASHES MY LAPTOP! (Mc Juggernuggets Parody)","2015-11-06T00:07:37Z","PT1M32S","12126","342941","912"
"2Om2M4_Kyd0","FREE TO USE BO3 GAMEPLAY - 1080p","2015-11-03T01:58:07Z","PT2M45S","2001","65566","290"
"KaaEivIqX6M","Double Agent (Short Film)","2015-11-01T14:33:38Z","PT7M50S","6547","188755","494"
"W4gBpws7Ug8","YOU ONLY DO YOUTUBE FOR VIEWS","2015-10-29T21:12:15Z","PT5M34S","3659","92812","299"
"NT3EkjxO8hs","10,000 QNA With MUM","2015-10-29T00:21:29Z","PT3M55S","15040","365493","1988"
"syMozMiJneM","Why I Stopped Playing Video Games - Video Game Commentary","2015-10-25T21:20:24Z","PT4M44S","1793","71864","223"
"Wt6cMjn3YLg","YOUTUBE RED STEALS CONTENT CREATORS MONEY? What Is Youtube Red?","2015-10-21T23:13:36Z","PT5M26S","2450","66048","211"
"OEuS7fjMlMc","Millions Of Views!","2015-10-18T23:15:40Z","PT3M47S","36143","1231674","2654"
"1Pr-R2nKTY4","How To Get 1,000 Subscribers On Youtube - Vlogs Gaming","2015-10-15T20:12:22Z","PT2M59S","4498","104448","519"
"QqdUhn99E-s","High School Education Be Like (Paying Taxes)","2015-10-14T21:10:31Z","PT2M46S","2188","69873","243"
"1UygJmcHUdQ","I Got Bored Of Studying So This Happened","2015-10-13T01:15:19Z","PT2M9S","24190","881433","1194"
"g4DAFnZcCcQ","Best Microphone For Youtube (Gaming Commentaries Vocals Singing Podcast)","2015-10-11T18:56:01Z","PT3M37S","2127","65590","379"
"LTr8cXAxy1I","9k Subs - Channel Talk","2015-10-10T17:20:05Z","PT4M35S","4362","136070","903"
"Ow3xqv7ahXo","How Much Money Does Bill Gates Make / Have - Billionaire","2015-10-09T22:27:01Z","PT4M4S","4448","162951","373"
"TRiF8PdrIP8","MrBeast6000's Channel Trailer","2015-10-08T20:00:00Z","PT1M55S","136121","1861396","13618"
"NFZ_MtTvwm0","Best Non-Copyrighted Songs For Videos! (Intros Vlogs Gaming Trailers) 2016","2015-10-05T22:41:22Z","PT2M59S","2780","98797","286"
"Pgxi8dsUW-o","Is Being A Youtuber Hard? Is Being A Youtuber Worth It?","2015-10-04T20:35:42Z","PT5M21S","4985","131510","708"
"YY2-jJojnOA","Best Green Screen Lighting Ever? (Joking Obviously)","2015-10-03T21:06:46Z","PT3M24S","16017","740337","833"
"7Pogam71094","How Do Youtubers Make Money? How Do Youtubers Get Paid?","2015-09-29T23:16:50Z","PT6M6S","4271","148722","530"
"DL0OPJ2hahc","Increase Youtube Views 2015! COMMUNITY CHANNELS - Boosting Youtube Views","2015-09-27T21:04:03Z","PT3M52S","1914","65552","326"
"WwE0tR08OTU","Originality - A Youtube Poem By MrBeast6000","2015-09-26T23:04:34Z","PT1M48S","2305","65886","328"
"2LIJtcI4dbg","Stupid Things People Search On Google","2015-09-25T22:57:49Z","PT5M17S","71964","1382651","3994"
"rXnaD7PU9kY","Ad Blocker For Chrome and Mobile, Should You Use It?","2015-09-23T23:54:06Z","PT5M15S","3285","95150","498"
"Ng_qwlvhrJo","PC Master Race Vs Console Peasants","2015-09-21T23:40:01Z","PT1M59S","2440","66213","273"
"bzIPun3cVsw","Shia Labeouf Motivates Youtubers!","2015-09-19T22:53:26Z","PT1M28S","12295","471919","706"
"miKQkeq5sbU","Knives In Video Games Cost More Than Real Life????","2015-09-18T23:57:02Z","PT3M43S","2273","73489","285"
"Lwt_VThQIdM","Why I Sold My PS4, Not A Gaming Channel???","2015-09-18T00:21:53Z","PT4M6S","2394","65601","341"
"P2oPACr4uuU","Selling PS4 For $250 + Elgato For $100!","2015-09-16T22:26:34Z","PT2M38S","1832","65563","342"
"h-D6ukDcS9o","Do Tags Do Anything On Youtube?????","2015-09-13T20:48:10Z","PT3M37S","6447","188068","652"
"mY77HA20MzA","Bronze And Platinum Play Buttons?????","2015-09-13T00:23:55Z","PT4M23S","33860","1815417","2780"
"4krBgDFycgY","7k SUBS! Smashing Ghost + AW! Plus Channel Talk!","2015-09-09T21:48:18Z","PT4M58S","3355","102586","380"
"dpUxRIqbNlc","Exility vs Dr.Pineapplez - Misleading Contest!","2015-09-08T22:06:36Z","PT4M18S","4685","65604","920"
"Cp431S5z8PE","6 Uses For Your Advanced Warfare Disk!","2015-09-07T20:40:56Z","PT1M5S","2297","65570","452"
"ttLYXcza4j4","MrBeast’s Outro Song","2015-09-05T20:15:02Z","PT2M11S","396618","8925760","19024"
"3-f9DEFsh4w","Watching Video Games Is A Waste Of Time????","2015-09-05T16:14:19Z","PT4M3S","2110","65590","436"
"vuOTP206zWM","Pewdiepie's Shoutout, What Would You Do If You Won?","2015-09-05T00:49:25Z","PT4M38S","2238","65547","378"
"J590MYm0SY8","How I Will Survive The Zombie Apocalypse!","2015-08-31T22:11:06Z","PT6M1S","6875","246513","733"
"vGB2d5cQJpY","How Much Money Do Youtubers Make? Real Numbers!","2015-08-30T21:37:55Z","PT3M14S","12747","476058","798"
"M94G0iKYiSM","HONEST Shout Out Sunday! Free Subscribers!","2015-08-30T18:06:45Z","PT3M30S","1968","65605","538"
"pGYyUssWLTA","Social Media As A Job????","2015-08-29T18:20:31Z","PT3M9S","2359","65547","547"
"j7kM8G_AjuY","Airplane Pilots Last Words Before Death","2015-08-28T21:56:21Z","PT2M29S","2890","164628","234"
"deK-My3Of0o","How Much Do T.V. Commercials Cost?????","2015-08-28T01:40:10Z","PT3M29S","1726","65563","287"
"oB8kFFvJdhE","How To Tweet When You're Dead! DEADSOCIAL Facebook And Instagram Also!","2015-08-27T10:00:01Z","PT4M29S","2081","65552","497"
"X9eXa-Uzuj0","My Favorite FaZe Clan Members?????","2015-08-26T10:00:00Z","PT3M54S","1868","67366","226"
"GxTVDClFXuc","MrBeast6000Subs","2015-08-23T11:00:00Z","PT5M20S","59327","972177","5284"
"kGaq-Qi9hoE","Youtube Networking - Aka Fake Likes, Subs, And Comments","2015-08-21T20:04:55Z","PT4M28S","3286","80263","806"
"9zFfp3gzZ88","I Hate Youtubers That Ask For Likes","2015-08-20T19:13:03Z","PT4M16S","11668","238869","754"
"mM2KwBYa-u4","My Mom Found My Channel!! :0","2015-08-20T01:44:22Z","PT4M29S","26632","819811","2600"
"WAcmsAISniQ","1080p FREE TO USE BLACK OPS 3 GAMEPLAY","2015-08-19T21:35:16Z","PT2M23S","1974","91178","184"
"kqUT-s3a6tU","Black Ops 3 First Impressions, My First Game","2015-08-19T02:44:52Z","PT3M41S","1835","65547","450"
"NUVglXbGBfs","Dogs Opinions On Youtubers Getting BO3 Early","2015-08-18T20:55:37Z","PT1M16S","3268","117377","185"
"T-v4b3WtPAg","BO3","2015-08-18T17:07:49Z","PT3M41S","39046","1608755","2818"
"m8qGlpcfAIw","Xbox One Destroyer? COD Advertisement Is Free","2015-08-18T01:08:14Z","PT4M8S","1811","65719","310"
"uZPkMnv8b-o","Modern Art Is A Joke","2015-08-15T10:00:01Z","PT2M56S","2044","74703","165"
"qVLr6SMxvJw","5 Steps To Becoming Successful On Youtube!","2015-08-14T10:00:03Z","PT3M13S","3870","100422","413"
"4AigP5OY8JE","Time","2015-08-13T10:00:00Z","PT2M2S","2364","107870","295"
"RMoFUeBVefA","Beast $500ish Youtube PC Great For Making Videos!","2015-08-12T10:00:00Z","PT4M4S","1681","96656","197"
"ep7S1XnuQLU","5,000 Hype","2015-08-11T10:00:00Z","PT3M5S","3698","178171","580"
"p6bzNpgbX8Y","What Is Crohns Disease?????","2015-08-10T10:00:01Z","PT4M21S","7712","328560","650"
"6T17licWsQ4","Leaving For 7 Days","2015-08-09T14:26:58Z","PT7M11S","1564","66811","310"
"1s6UOlWdpw4","Motivation For Youtube - Ultimate Small Youtuber Motivation #2","2015-08-08T22:15:43Z","PT3M29S","8114","225037","765"
"3LuchpUc7PU","Should I Buy An Elgato Game Capture??","2015-08-07T10:00:00Z","PT2M57S","2252","65550","568"
"_f6xCA0-gAo","Fanboy Opinions On Black Ops 3","2015-08-06T00:58:47Z","PT3M56S","1528","65574","348"
"lfD7kMZKuNg","Big Channel's Starting Over???","2015-08-05T10:00:02Z","PT3M19S","1733","65563","327"
"ejlkNGm82w4","SAT And Some Random Stuff","2015-08-04T22:14:13Z","PT3M26S","1877","65553","700"
"Jtj9rUqlB1Y","How Many Youtubers Are Millionaires???","2015-08-04T00:18:58Z","PT2M49S","2097","136725","269"
"ZqzFRGH_tMQ","Always Changing My Name? Mr.Beast or MrBeast6000","2015-08-03T10:00:03Z","PT2M41S","4601","200041","538"
"94A-bsumX9A","How Much Youtube Money Do I Make???","2015-08-03T02:19:22Z","PT2M28S","10665","467085","706"
"gYaxI_allkQ","Am I Ian From Smosh????","2015-08-02T19:09:03Z","PT2M18S","15005","1277990","737"
"AjXbO2XfBkE","How Do You Turn Off A PS4? Xbox Noob In Need Of Help","2015-08-01T21:51:25Z","PT1M12S","2239","110661","309"
"ZQZzR0DUujc","New Optic Gaming Gear Coming To Advanced Warfare, My Thoughts","2015-08-01T16:47:55Z","PT2M31S","1977","65578","468"
"-V3-fhJQZkk","Youtube Collabs? Collabbing with Mr.Beast?","2015-08-01T10:00:01Z","PT3M33S","2369","127517","229"
"QX0wvWGW2qg","Sacrifices And Youtube","2015-07-31T18:03:32Z","PT3M39S","2887","65600","560"
"oODUkNQAzXU","5$ To Advertise Your Youtube Channel???","2015-07-31T00:13:08Z","PT2M1S","3250","190702","281"
"2jWZtKTN6jU","Reuploading Other Youtubers Videos? Stealing Big Youtubers Videos.","2015-07-30T18:23:18Z","PT4M14S","1637","65552","277"
"zsADECFHY8w","4k Subscriber's! First Channel Story!","2015-07-30T01:56:38Z","PT5M14S","3367","123505","436"
"Feh8o-HmthM","People Who Got Rich From Movie Trailers On Youtube","2015-07-29T19:00:00Z","PT3M26S","1732","112374","228"
"6Xv-LVYZQxk","Beast Gaming Set Up #almost4k","2015-07-29T15:31:24Z","PT2M31S","2637","99985","425"
"8-0ZHJHp9g4","Advanced Warfare DLC 4 Honest Parody","2015-07-29T00:37:21Z","PT2M37S","1751","65558","429"
"QqIG0R-KpGk","World's Worst Thieves","2015-07-28T17:17:48Z","PT3M29S","2279","108424","195"
"qENpZBzgaUM","VANOSSGAMING IS IN TROUBLE","2015-07-27T22:13:05Z","PT2M53S","4201","273209","574"
"4DYBVA4884Y","SpiderMan Robs Walmart?????","2015-07-26T19:21:24Z","PT3M7S","1768","65583","288"
"skEf9R0TXkM","My Upload For ThunderstruckGaming","2015-07-25T22:35:54Z","PT3M40S","1596","65570","302"
"CnMv_zTXZ38","Best FNAF 4 Fake Reactions! So Funny lol","2015-07-25T16:38:00Z","PT2M27S","2815","98925","370"
"bEIK5ni_Pzs","How Many People Get The Diamond Play Button?????","2015-07-25T10:00:03Z","PT3M56S","18633","1832629","2762"
"_oZyp4mTzSQ","Supply Drops For Charity! Ep #2","2015-07-24T10:00:00Z","PT5M2S","2382","65550","1142"
"is1LSWbssuA","Best Thing To Happen To This Channel?????","2015-07-23T10:00:00Z","PT1M28S","2002","65581","343"
"XR_q9_LEKuc","Supply Drop Challenge For Charity","2015-07-22T17:59:43Z","PT4M55S","2465","65547","625"
"X9UiBpDHW3w","FaZe Clan Vs Pewdiepie Who Would Win?????","2015-07-21T18:51:04Z","PT2M51S","1314","78288","172"
"PRU47AuQF2M","FaZe Adapt ""Stuttertage""","2015-07-20T17:49:03Z","PT4M44S","4329","144505","464"
"Y3Rxgf5_R_I","The COD Community? Sleeping With Your Mom?","2015-07-19T17:37:51Z","PT3M3S","2014","65553","527"
"R6zuvKbvKyU","Exility And Some Other Stuff - Update Vid","2015-07-18T18:02:27Z","PT4M45S","11512","65561","3370"
"yCKe65Nvp0Q","Every Minecraft Let's Play Ever In Under A Minute","2015-07-16T22:00:01Z","PT1M","3849","132113","300"
"XBe57FyB2xU","Why I deleted Today's First Upload","2015-07-16T17:03:16Z","PT1M55S","1614","69803","205"
"zpCwHwWgbsI","What Is Spam404?????","2015-07-15T15:05:18Z","PT5M11S","1545","65568","392"
"lh61MVUxJt0","The History Of Pewdiepie In 2 Minutes","2015-07-14T10:00:01Z","PT2M6S","7486","279260","574"
"yWnmEPgLroQ","TWITCH STREAMERS REACT TO RECEIVING THOUSANDS FROM SAME GUY!","2015-07-13T10:00:01Z","PT7M32S","2305","227911","271"
"eBklqeeIu10","I Hate Spam On Youtube","2015-07-12T19:08:52Z","PT3M9S","2117","65563","687"
"SgMydsOucFg","INSANE TRIPLE LEGENDARY SUPPLY DROP! BEST OPENING YET?","2015-07-11T20:08:50Z","PT3M29S","null","65582","409"
"jPm3hRiMKuU","Low Bridge Causes Dozen's Of Wrecks! 11-8 Bridge","2015-07-10T21:56:20Z","PT3M43S","2380","65543","593"
"OweuuinkVZI","3k HYPE","2015-07-10T18:05:46Z","PT3M23S","4856","174692","701"
"7Pr0HP-Trgk","How To Become A Gaming Youtuber! All You Need To Know!","2015-07-08T22:00:01Z","PT7M2S","2221","65582","513"
"UEK0fYAqMss","My Solution For The Theft At The FaZe House - @FaZe_Rain @FaZeAdapt","2015-07-08T10:00:00Z","PT3M7S","1395","65583","264"
"lRznKN2oPUc","5 Popular Channels That Were Terminated","2015-07-07T22:00:00Z","PT5M","4538","141559","999"
"IDrS_TrjuK4","What Is Youtube Terms Of Service?????","2015-07-07T10:00:00Z","PT4M9S","1480","66308","268"
"J1lhxfZtR3M","Do You Think You Will Be Famous?????","2015-07-06T22:00:01Z","PT3M44S","3405","166902","660"
"b_o8cz0ZNdk","What Is Swatting? Why I hate It!","2015-07-05T18:08:37Z","PT4M19S","2507","107712","249"
"i5dhcAxO25Q","Reddit Is In Chaos After Firing Victoria","2015-07-03T20:11:21Z","PT1M46S","1231","71666","184"
"-o_8CDbFMJ0","Paid Promotion On Youtube Good?","2015-07-03T19:26:09Z","PT7M19S","1303","68984","185"
"v5J1Cycn3s8","How To Gain Youtube Success","2015-07-02T17:10:49Z","PT2M42S","3473","105181","344"
"YJiqYG-Mylk","FaZe Members Reaction's To Joining Faze","2015-07-01T19:56:45Z","PT3M11S","14278","646435","732"
"jGE1sUTeR5g","Battle of The Beasts Round 2 Winners!","2015-07-01T04:02:27Z","PT14M7S","1572","65557","362"
"0tZCQ25fsoI","Youtube In 10 Years?????","2015-06-30T16:31:29Z","PT3M6S","115834","1701379","12904"
"N9jTogPwqVY","The Ultimate Motivation For Small Youtubers","2015-06-29T17:27:21Z","PT2M44S","16998","333705","2045"
"yyJ7xEcENNI","How Much Does Pewdiepie Make?","2015-06-28T22:41:05Z","PT3M53S","3445","292453","236"
"3rJgCGMPEqA","Random Stuff You Don't Care About","2015-06-27T23:32:54Z","PT2M22S","2310","65585","502"
"7isfkomGg7o","Battle Of The Beast Round 1 Winners!","2015-06-23T19:49:57Z","PT9M13S","1621","65569","264"
"UCYefSGBP00","The Truth About Big Community Channels","2015-06-22T16:32:02Z","PT4M33S","2239","65551","899"
"dvdGkRK5a_0","WORLD'S FIRST BLACK OPS 3 GUN SYNC!!","2015-06-22T01:19:49Z","PT1M21S","1761","78966","172"
"X7doE4h6W64","Insane Gun Sync - 7 Hours To Make","2015-06-21T12:22:34Z","PT2M14S","2392","65554","599"
"GhppzOzN3MM","Battle of The Beasts Bracket!!!! (Not accepting anymore)","2015-06-20T03:32:30Z","PT1M38S","1633","65568","359"
"QkXDatNdL4U","Free To Use Advanced Warfare Gameplay! 2015","2015-06-19T14:07:22Z","PT2M5S","1774","65592","406"
"hyt2t4r8lQ4","Battle Of The Beast Tournament UPDATE!","2015-06-18T23:25:47Z","PT2M32S","2089","65595","715"
"-mlok5iT3GE","My Top 5 Favorite Things At E3 2015","2015-06-18T17:18:38Z","PT2M30S","1933","65563","500"
"STvOHHgJ1sQ","Battle Of The Beasts (youtubers needed)","2015-06-17T20:58:19Z","PT3M3S","1613","65658","403"
"2-ErX5oDzwM","History Of COD Part 2! Black Ops 1 - History Of COD On Youtube!","2015-06-13T21:34:28Z","PT10M49S","1376","65553","190"
"7ytYV-tVIvg","How Did Notch Become A Billionaire? How Much Did Minecraft Sell For?????","2015-06-12T17:47:14Z","PT3M36S","2891","130148","226"
"ELIoOUKSOJQ","Top 10 Richest Gaming Youtubers?????","2015-06-11T16:42:11Z","PT4M5S","8353","300926","573"
"uAoayezOaug","Markiplier Is A Great Man! Sub shodleech!","2015-06-09T02:56:28Z","PT2M3S","2404","247796","168"
"Vr2337tCLCI","Insane Advanced Warfare Hacker!","2015-06-07T22:58:31Z","PT2M14S","1989","65554","408"
"NV7qmqbS8tM","What Is Considered A ""Bad Video"" On Youtube????? #karnageRC","2015-06-07T21:38:42Z","PT4M12S","1644","87911","190"
"U9c-ycvw02A","I Think I Am Going For The #KarnageRC","2015-06-05T15:21:50Z","PT3M52S","2067","65555","589"
"GfgcVOuHLAo","Every FaZe Video Ever #karnageRC","2015-06-04T19:09:17Z","PT3M17S","1906","65588","289"
"zi7tZ-2PhLk","How Much Money Do You Make As An Uber Driver??????","2015-05-31T18:31:25Z","PT5M4S","1442","65573","228"
"TacjQmKCiZg","How Much Does Faze Rain's Giveaway Cost??????","2015-05-30T21:27:08Z","PT1M13S","1705","65553","435"
"AIytwdufwW8","MY MESSAGE TO COD YOUTUBERS (Watch till end plz)","2015-05-29T20:07:48Z","PT4M52S","1505","65863","252"
"KLAI0c0Spog","Best Of FlipArtz - His Best Advanced Supply Drops EVER!","2015-05-29T17:06:25Z","PT10M40S","1536","143231","130"
"UVin8WtE5eU","Summer Is Finally Here!","2015-05-28T21:46:37Z","PT2M26S","1303","71185","267"
"wNuxirsrwBk","Why Are Things Unbalanced In Video Games?????","2015-05-28T20:36:06Z","PT3M30S","1486","108958","193"
"6bxZpS0cm5o","New Channel?","2015-05-23T22:59:21Z","PT4M51S","4440","185824","443"
"ajJbMGq9AS4","Youtube ""Freinds""","2015-05-23T01:28:10Z","PT4M39S","1689","113802","218"
"UXw9jqgJNNc","Youtube Stat News - Vevo Gets 10 Bil. Views A Month, Channel Milestones, and more!","2015-05-21T00:31:22Z","PT5M28S","2541","65572","834"
"E3CqKvlzl-I","Big Changes??? Idk just watch the stupid video","2015-05-18T21:29:43Z","PT6M34S","1861","65560","423"
"zfDr05ax0gM","How Much Money Does DramaAlert Make????","2015-05-15T23:53:16Z","PT1M32S","1955","65579","369"
"56OkH6ocYZU","L0114R - Biblical Creeper Post for Post @L0114R","2015-05-15T16:48:54Z","PT1M28S","1312","65666","255"
"w40Z8aT5fpQ","Why Do We Do Things That Are Bad For Us?????","2015-05-14T23:52:57Z","PT3M24S","1948","65695","301"
"zgDezsMQyyU","How To Monetize Your Videos And Make Lots Of Youtube Money!!$$$","2015-05-10T20:59:50Z","PT10M23S","1764","66103","339"
"UEwnitHoSDw","DIY $23.00 Mini Sound Booth? Does It Work?","2015-05-09T19:47:51Z","PT3M49S","2959","168425","254"
"__SaaKSW9iE","Cut Coms vs Uncut Coms","2015-05-09T06:53:13Z","PT2M39S","1615","65586","354"
"qWnyJ55KBKo","Minimum Wage","2015-05-07T23:27:32Z","PT1M59S","1765","86163","189"
"52awie9G00A","My New Channel Trailer ;)","2015-05-07T01:27:48Z","PT1M17S","1803","71659","221"
"bB99NdUoxEQ","Why I Changed My Channel Name","2015-05-03T23:59:54Z","PT3M16S","3812","160210","358"
"7GjSaNi8Epg","How Overpriced Is Movie Popcorn?????","2015-05-03T18:39:15Z","PT2M40S","1672","65591","342"
"h5uE4ERMiTk","Screw Warface","2015-05-02T21:41:18Z","PT3M37S","1644","65546","289"
"umRLkCrmwcs","My Problems","2015-05-01T02:23:50Z","PT4M7S","2111","83106","248"
"rHoLyltYDtQ","Ma Channel","2015-04-29T23:50:00Z","PT2M48S","1743","65583","322"
"yeHjsYQ076A","Remember When COD Was Fun?","2015-04-26T21:26:36Z","PT3M36S","1875","65548","407"
"pqrdPu2ESFo","My Baby Got a Virus :(","2015-04-25T22:34:19Z","PT2M55S","1756","88331","236"
"ywZy_Fo2ydo","Modern Art Is A Joke","2015-04-25T15:02:30Z","PT2M49S","1634","65581","252"
"qr4v9pdfVlU","Cheat Channels","2015-04-24T01:53:38Z","PT3M34S","1819","65587","416"
"hgiPX33AHas","Time","2015-04-22T21:33:54Z","PT1M54S","1916","101572","172"
"oZ-Mn5p1xMw","2,000 Subscribers","2015-04-18T18:45:34Z","PT2M25S","22711","448428","3938"
"5UPa_hu5opg","Youtube","2015-04-14T22:39:24Z","PT4M37S","2473","113699","244"
"zv_oq5UNDAo","How To SAT, Get Into Yale","2015-04-13T11:08:02Z","PT4M5S","1428","66838","199"
"NiqkH7qVW0U","100k Subs With No Videos????","2015-04-11T16:51:40Z","PT4M19S","9729","504759","2792"
"boBokLXe5o8","Is Jacksepticeye A Millionaire?????? 2016","2015-04-09T23:07:38Z","PT3M10S","3750","254681","679"
"7YOzgk-U4EU","How Rich Is Buzz Feed???","2015-04-07T11:16:50Z","PT3M25S","1226","81910","210"
"prdSftLj9-g","How To Do A High School or College Paper!","2015-04-06T11:42:14Z","PT3M56S","2065","116600","214"
"pzlPJmNyepA","What is Crohn's Disease?????","2015-04-04T20:31:25Z","PT7M3S","18564","566974","1226"
"QNoqAnJOSqU","What Happens If You Get A Copy Right Strike??","2015-04-03T19:45:11Z","PT3M52S","4615","191472","545"
"kzIA4vKyhRQ","5 Steps To Becoming Successful On Youtube","2015-04-02T23:10:02Z","PT3M13S","9287","220169","791"
"DfonKqMENrg","Making Youtube a Priority","2015-04-01T23:58:35Z","PT3M16S","1849","72677","227"
"MUQCwdkEbq0","Why I Was Not Uploading","2015-03-21T22:11:51Z","PT1M35S","1391","67924","228"
"JlUzoQN9FWw","Youtubers Analytic's Explained","2015-03-06T01:07:06Z","PT3M37S","1589","70865","177"
"0VjLq-go1fg","How Much $$$ Does Every Member of FaZe Make COMBINED????? 2016","2015-03-05T02:07:01Z","PT3M57S","1751","114978","318"
"uCIpW9zOmgI","Is Pewdiepie The #2 Youtuber?!?!?  :0","2015-03-04T01:53:50Z","PT3M55S","1875","104550","328"
"Z0Poefgrs4w","How Much Money Does Smosh Make????? 2016","2015-03-03T01:14:27Z","PT2M47S","1484","89156","228"
"MLN6TRB9Jxw","Who Are The Worst Youtubers?????","2015-03-01T12:00:00Z","PT3M36S","4464","306323","439"
"vZrL_FFITgs","Subscriber Goals For 2016","2015-02-28T17:12:07Z","PT4M8S","1641","67074","591"
"L7lGD_anC00","How Many People Do Youtube as a JOB?????","2015-02-26T02:07:13Z","PT2M54S","1578","67092","239"
"xu1nhAfnMGA","How Much Money Does Syndicate Project Make????? 2016","2015-02-24T20:26:12Z","PT3M23S","1287","102749","256"
"D1livXdFGkQ","Are Youtubers Millionaires?","2015-02-22T19:45:00Z","PT3M15S","3658","222107","449"
"bwp_3qLgWpQ","Magecraft - Epic Hit! 11k Troops killed.","2015-02-21T15:41:14Z","PT3M53S","1559","65549","380"
"tZpnfF0-7Ls","Highest Paid Musicians????","2015-02-17T21:38:06Z","PT4M48S","2360","164780","317"
"BwAMltY3-c0","Making Fun Of Youtuber's Intros.","2015-02-16T19:45:42Z","PT1M54S","7698","329437","609"
"7HBR3Ea72CY","10 Things You DIDN'T Know About Youtube!","2015-02-08T00:04:06Z","PT3M1S","1750","84010","184"
"Ds9H2UnUHL0","Quitting?","2015-02-06T22:27:38Z","PT3M46S","5054","149098","685"
"iqUFeWAVp-0","How Much Money Does Markiplier Make????? 2016","2015-01-04T20:59:46Z","PT2M34S","2418","165703","257"
"W2skFWRk6qo","PewDiePie Uploads A Fake Video! LOL","2015-01-01T18:56:04Z","PT2M35S","1690","97013","218"
"X_qd-1xSTFA","Pewdiepie Was On T.V.","2014-12-07T17:51:08Z","PT2M29S","3605","175739","409"
"VWa0ImMY2bQ","Five Facts You Didn't Know About Youtube.","2014-12-01T22:00:05Z","PT4M21S","2288","118315","260"
"fEcASr38n2E","Milestones And Plans For My Channel","2014-11-30T18:21:44Z","PT3M","1863","84343","294"
"udmf5MQLNGA","How Much Money Did Gangnam Style Earn??? 2016","2014-11-26T22:53:11Z","PT2M24S","2134","119147","258"
"0dg2eR2NSQ0","Best League Player In The Universe.","2014-11-23T17:37:28Z","PT3M","17096","333769","944"
"6BNOWeYFyP8","MageCraft - Beginners tutorial. (The app)","2014-11-17T02:25:46Z","PT8M47S","1419","65777","239"
"LDegY-H60_U","How much money does VanossGaming Make? 2016","2014-11-02T16:06:08Z","PT3M20S","5042","390330","302"
"D51HaR-XvgM","Opening Old Basketball Cards! Ep. #1 (Michael Jordan Found)","2014-10-21T02:19:05Z","PT4M27S","4407","223588","361"
"Rio7r_vLUEo","20 Best Websites?????","2014-08-29T22:45:20Z","PT6M44S","3858","226362","510"
"8E5Ygl02wtM","How Much Money Does ""Chris Smooth"" Make?????","2014-08-21T22:46:35Z","PT4M2S","1405","86453","200"
"moMJjt5KECc","Money Problems","2014-08-20T17:40:18Z","PT4M2S","5562","333430","445"
"OffgqPzDi7Q","Vanoss vs Speedy! Who is better? Updated.","2014-08-20T01:57:30Z","PT3M45S","1703","65773","396"
"B_7uD3B62MM","Welcome To My Channel!","2014-08-18T00:01:52Z","PT28S","2106","93309","198"
"bA20RJcegOI","1500","2014-08-08T18:58:18Z","PT2M23S","9629","353856","1715"
"NbHwVDt9Rjk","How Much Money Does Yogscast Make????? 2016","2014-07-13T18:37:22Z","PT3M46S","1197","66367","184"
"VzsE09KjpKA","How Much Does WhiteBoy7thSt Make????? 2016","2014-07-11T21:52:50Z","PT3M27S","3147","367390","243"
"HduubRTdko4","How Much Does ""Epic Rap Battles"" Make?????","2014-07-10T23:05:51Z","PT3M20S","1681","65652","269"
"qFOGv5zuTdw","How Much Money Does FaZe Make?????","2014-07-09T21:15:15Z","PT3M18S","1801","65572","335"
"u6t4jrhs56Q","Top Youtube ""ShoutOuts""","2014-07-09T00:07:05Z","PT6M5S","2106","65551","389"
"460GXJiGCEs","Youtube Dream","2014-07-08T00:17:34Z","PT4M31S","2456","87281","635"
"ZiuoOcj2eLY","In Dis Video I Play Minecraft. (Factions)","2014-07-05T15:57:13Z","PT8M49S","1818","66643","217"
"LYK6SPMtJ_Y","Youtube Grind","2014-06-28T21:06:46Z","PT3M20S","3178","136605","243"
"2ljWxaMvE_0","Hacker in Ghost???? I Couldn't Kill Him.","2014-06-22T00:27:19Z","PT36S","1857","65587","433"
"rSuuQ_s8gOw","How Much Money Does Tmartn Make?????","2014-06-21T18:43:51Z","PT2M37S","1905","65567","408"
"vKKhX-Uyggw","How Much Money Does FaZe Rain Make?????","2014-06-18T14:00:09Z","PT3M35S","1528","77434","181"
"EAwXH82m-6A","G2g Brb","2014-06-16T14:00:07Z","PT3M","2003","65556","483"
"U_07AG_CR5A","Crazy Nub Tub Reactions! Bo2 Fun!","2014-06-13T22:44:22Z","PT3M40S","1909","65556","440"
"Xe0AGtF5aNU","Fun In COD. - Insane Reactions Lol","2014-06-10T19:01:43Z","PT3M49S","1982","65554","482"
"NCv0drAPm_M","Minecraft Build-off Fun!!!!!","2014-06-09T12:00:07Z","PT3M33S","2129","83095","233"
"HuLAAXZXIy0","This Kid Should Quit COD....","2014-06-02T21:37:07Z","PT1M17S","1797","91590","229"
"pV7UcYW1OwA","Computer vs Console My Perspective.","2014-06-02T18:08:34Z","PT3M26S","2532","122691","366"
"x4IXCimma-s","5 Youtubers I Think Will Be Famous...","2014-05-31T21:06:55Z","PT4M24S","6088","259087","951"
"anZbhN0Wh_4","How Much Does PewDiePie Make????? 2016","2014-05-24T19:33:12Z","PT3M26S","6250","474287","482"
"3Q3pQmzWyZM","I Got Really Really Really Bored....","2014-05-24T16:37:13Z","PT52S","1918","67007","394"
"BqS4iVHa-LU","How Much Money Does Penguinz0 Make????? 2016","2014-05-16T23:53:55Z","PT2M55S","3280","105876","372"
"zX04jQFKCpo","How Much Money Does CaptainSparkles Make????? 2016","2014-05-15T20:36:54Z","PT3M3S","8191","903573","641"
"G7Y9ban7b0U","How Much Money Does Tobuscus Make?????","2014-05-14T23:06:58Z","PT2M22S","1586","84222","246"
"EMVvA5Cr0fY","COD IS NOT DEAD","2014-05-08T02:19:42Z","PT3M22S","2413","89732","319"
"e14MroQ5k_s","Storm","2014-04-30T20:31:15Z","PT3M1S","8427","301395","979"
"CuzdxsOXEZ8","Hearthstone - All Beards Challenge!","2014-04-24T01:56:43Z","PT23M53S","1817","92152","280"
"67Wj-0OyKOM","Youtube ad.","2014-04-20T20:26:16Z","PT38S","10827","607598","458"
"LWstCINhd8g","Impossible","2014-04-20T01:45:45Z","PT3M53S","2887","97828","363"
"dg6iqLCPizs","Motivation","2014-04-17T01:22:40Z","PT2M54S","3468","106756","295"
"cRPldarzw-M","1k Subs","2014-04-13T23:53:33Z","PT3M15S","1273019","17662607","88745"
"-rdYtmUejSE","Yup I is the best at the game.","2014-04-05T13:00:05Z","PT6M57S","5659","317266","588"
"tusuuI7MEJU","Should I join FaZe?????","2014-04-04T19:44:52Z","PT3M30S","19365","1009358","1891"
"XDe5f8BEvwY","Youtube Networks Requirerments. (Machinima, TGN, 8byte....)","2014-04-01T16:37:55Z","PT4M46S","1469","102270","201"
"BtCGABBPH9s","Two Years of Youtube.","2014-03-31T16:31:32Z","PT4M31S","10625","533823","1083"
"KJ_C_NSl0P8","How Much Money Does ""Element Animation"" Make?????","2014-03-30T23:40:18Z","PT3M29S","4151","220994","463"
"LI8nWXeYtOs","How Much Money Does ""Skydoesminecraft"" Make????","2014-03-30T01:52:06Z","PT2M47S","1769","88645","402"
"LMe7k8I082w","Should College Athletes Be Paid?????","2014-03-29T00:18:35Z","PT4M36S","2087","101040","314"
"h77pHTSPSiw","""Beast"" Channel Trailer","2014-03-28T21:01:57Z","PT2M1S","1956","77907","241"
"JUiijjJOInw","What It Takes To Be A Full Time Youtuber...","2014-03-27T19:00:05Z","PT4M41S","2057","68864","504"
"gpbY6zCEBv4","How Video Games Boosted My SAT Score. Lol","2014-03-26T23:59:45Z","PT2M57S","1874","71216","260"
"Kgu2ApayYvI","How Much Money Do I Make?????","2014-03-16T01:24:25Z","PT4M10S","5138","169091","693"
"S9PIukDRcvk","Update","2014-03-13T00:19:29Z","PT4M21S","2072","79776","377"
"lrw3zkGS9Vc","Subscribers.","2014-03-08T03:52:13Z","PT3M","3368","125433","1131"
"IQYW_lVBYGo","How Much Money Does KyR's Speedy's Crew Make?????","2014-03-02T18:14:47Z","PT2M54S","2113","110397","316"
"iOjxpow6jow","How Many Youtubers Are Millionaries?????","2014-02-26T23:52:57Z","PT3M53S","9518","562326","1916"
"GdD2pqAdjXY","Flappy Bird - Builders Showdown, Which is Better?","2014-02-23T22:29:21Z","PT1M25S","3418","131682","459"
"nmHCmLVLxcU","New COD Zombies In 2014?????","2014-02-23T21:40:04Z","PT2M31S","2349","93489","383"
"TZPlDuYrcDQ","Minecraft Mansion Timelapse","2014-02-22T23:51:15Z","PT5M2S","19914","639820","2266"
"Oub4nMrNTqQ","Top 5 NON-COPYRIGHTED Songs!!!!!","2014-02-17T20:30:02Z","PT3M24S","3671","141239","648"
"h5Z36IuyrKc","Vanoss vs Speedy! Which is better?","2014-02-16T20:13:22Z","PT3M7S","2872","128739","939"
"2IGxSOfsBok","I Hate Pewdiepie!!!!!","2014-02-01T00:16:57Z","PT2M6S","224176","3077290","14474"
"ZxkLCq49Tvk","Does Spam Work?????","2014-01-20T23:41:17Z","PT4M15S","7808","528572","800"
"smDPnIdlkhM","100th VIDEO SPECIAL!","2014-01-20T01:17:01Z","PT4M44S","15256","508253","1751"
"DjMYkWCEan8","The Vortex SMP Episode 1! Just Derping Around and Explaining Things.","2014-01-18T02:49:24Z","PT25M19S","3903","154250","426"
"3nn_skHgkqI","Has Youtube Met Its Match?????","2014-01-12T01:25:53Z","PT2M44S","2501","125901","304"
"A8IkOqb_7Yg","How Much Money Does Pewdiepie Make????? (Updated 2015)","2014-01-11T20:31:34Z","PT4M10S","30777","2179269","2218"
"hHl_YMivv3c","Battle Pirates, my base.","2013-12-31T14:48:55Z","PT2M56S","2140","97848","350"
"7mLSbgyjM0g","Battle Pirates, Hellstrike Base attack.","2013-12-29T22:22:57Z","PT2M52S","2083","85236","336"
"TGKkMl17Htg","Battle Pirates, Unstoppable Ship!","2013-12-29T21:05:08Z","PT2M13S","2440","68547","770"
"Qw3eFnsSdlQ","Best Hellstrike Build???? (Battle Pirates)","2013-12-29T17:10:57Z","PT1M37S","2125","68471","574"
"KcNCJ1mgt14","Marauder Builds, Battle Pirates In Depth Builds.","2013-12-29T16:20:05Z","PT3M6S","2408","68471","731"
"A4lp4FRCo6o","Battle pirates, How To Auto Lvl 40 Salvages.","2013-12-29T00:32:15Z","PT1M18S","2171","72071","463"
"WYKZz3Zygdc","Hellstrikes vs 7 halos!","2013-12-27T00:27:31Z","PT1M36S","2188","102446","429"
"5U2fmvh9_Is","Battle Pirates, Hellstrike vs Epic Base!","2013-12-24T00:00:20Z","PT58S","2126","85857","388"
"xvIpibLjs5k","Battle Pirates, Another Hellstrike Fail.","2013-12-18T23:47:57Z","PT57S","2158","85463","382"
"jlpAON0ePME","Battle pirates Hellstrike fail!","2013-12-18T22:31:02Z","PT47S","2169","85279","365"
"sfp0a6zDoNQ","Battle Pirates, lvl 66 vs Missile Cruiser x Fleet!","2013-12-17T18:56:41Z","PT1M24S","2139","86609","314"
"RaDRWNz3Al4","Battle Pirates, Hellstrike Too Overpowered????","2013-12-14T15:58:11Z","PT2M40S","2211","84747","341"
"Ms9MGkEm4mg","Battle Pirates, All Sentinel Base.","2013-12-05T02:24:33Z","PT1M12S","2302","90438","361"
"90wWStXJX5c","Battle pirates, Lvl 58 Mercury Base Attack!","2013-12-05T01:06:00Z","PT1M16S","2683","127748","371"
"ruSVy-u2DzM","Battle Pirates, Stingray vs Mercury Epic Battle!","2013-12-05T00:00:24Z","PT1M6S","2600","89446","531"
"pP1KMQb51GA","OpTiC NaDeShOt Got Hack!!","2013-11-27T19:37:44Z","PT2M44S","2503","93506","524"
"dPxAFqs2eYE","Epic Ghost Multiplayer EasterEggs! (PrisonBreak, Sovereign, and Flooded)","2013-11-17T18:26:11Z","PT1M40S","3526","129964","352"
"p-KVD5rA_Cw","Why Google Does Not Care What We Think....","2013-11-17T01:40:48Z","PT3M","7973","513608","829"
"JdCgkcb1iwQ","My First Kem Strike!","2013-11-16T19:48:55Z","PT4M29S","3482","102640","754"
"7anhkLPRk-A","Google+ The Death Of Youtube?????","2013-11-13T22:09:21Z","PT2M43S","3662","163562","440"
"XVMY7B3AzWM","How Much Money Does PewDiePie Make?????","2013-11-12T03:18:18Z","PT5M32S","16158","945826","1532"
"QXag-irFHxE","Most Overpowered Guns In Ghost!","2013-11-11T20:11:15Z","PT2M40S","4008","136676","398"
"vBEGODNmdas","Are Minecraft Faction Has A New Pet! (poopymiscquidlepants)","2013-10-31T20:44:54Z","PT15S","3142","121622","350"
"v3tbnlc5cfo","Battle Pirates!","2013-09-21T22:18:59Z","PT3M35S","4223","125826","784"
"ObYLL97-SBA","How To Duplicate Diamonds!!!!","2013-09-15T01:09:42Z","PT37S","6788","199738","620"
"IaR7P4-wFK8","50k Video Views!!!! EpicSauce!","2013-09-08T22:20:48Z","PT1M43S","9466","300799","853"
"v1ELS84GQu8","If This Video Gets One Million Views.....","2013-09-07T02:28:05Z","PT46S","1168437","13407133","71444"
"ctJORnOjbrQ","These Were The Good Days....","2013-09-05T02:14:46Z","PT52S","4990","207437","489"
"-hrPQFaDVKQ","Channel Update.","2013-08-16T20:34:58Z","PT2M42S","5033","210962","454"
"bIZ5_L1ru2w","Funny Noob Tubing Reaction Montage!","2013-08-16T03:04:45Z","PT2M29S","3983","148215","466"
"yyssjJEJMt4","Minecraft, How To Grief Without Being Seen!","2013-08-14T21:39:31Z","PT1M3S","18250","376958","1508"
"2bwPntvb90U","Buried Round 50 Gameplay! Black ops 2 Zombies.","2013-08-12T22:49:16Z","PT1M22S","4802","162543","480"
"Wz1VHTZq16c","Minecraft Let's Play Ep. # 2 - Having Fun and Derping!","2013-08-12T01:53:18Z","PT14M58S","7712","209765","879"
"Cs-kyTJso-A","Worlds Biggest Ball Of TNT Minecraft!  Challenge Video!","2013-08-09T23:45:05Z","PT1M45S","19816","682098","1728"
"jkqd-oc0F00","How To Get A Gaming Partnership, And What It Is.","2013-08-08T21:25:32Z","PT6M49S","3960","116210","692"
"mVkT6Cd9SoI","Camping Montage.... LOL","2013-08-05T21:12:41Z","PT3M20S","3776","118460","564"
"rffyxTTNkyk","Black Ops 2! Mini Update Video.","2013-08-05T02:55:37Z","PT3M55S","4371","115097","905"
"OOesLeO6-pc","Randomness","2013-08-02T22:16:42Z","PT5M18S","4570","115352","923"
"Q5lcjP6XlHw","203 Kill Game! Thanks For 300 Subscribers!","2013-08-01T19:36:50Z","PT4M26S","6453","183849","1087"
"sE3ZZmYotSs","Call of Duty Ghost Multiplier Reveal Trailer Release Date!","2013-07-30T20:51:42Z","PT3M50S","4428","140192","631"
"pUwUAtmBKxw","Insane Black Ops 2 HACKER!!!!","2013-07-30T02:45:21Z","PT5M59S","7167","273135","724"
"p5rGgPZtjDw","Top Subscribed To Channels? BO2 w/ commentary!","2013-07-28T20:50:09Z","PT5M39S","4946","142535","848"
"bWDmDsdvoBs","Career Ender ....  LOL","2013-07-28T17:13:58Z","PT26S","4527","170791","554"
"OJA1QK-j-Oo","I Bought A New Microphone!  (quality test)","2013-07-27T23:25:01Z","PT2M55S","5509","180494","619"
"KL1X8NsVGd0","Top 10 Worst Guns in Call Of Duty History!","2013-07-25T21:36:56Z","PT4M19S","7719","227992","700"
"q2HoSwCMcZw","Black ops 2 Patch news!","2013-07-24T20:35:32Z","PT3M53S","5377","163607","863"
"RRknlgRqOds","Black ops 2 Invisible equipment and scorestreak glitch!","2013-07-21T18:26:36Z","PT2M27S","5897","200091","647"
"j93M46a-W3U","I'm Back! Update Video....","2013-07-19T23:41:14Z","PT3M24S","7180","217909","776"
"uqjfMNEWNIg","Minecraft Let's Play! Ep. 1. The Beginning!","2013-07-08T20:03:41Z","PT18M27S","25934","751414","2719"
"X-g9aT2wFjM","Channel Trailer....","2013-07-06T18:17:45Z","PT49S","10545","304972","948"
"pHKlrJeKmjA","Black ops 2 Shotgun gameplay w/ commentary....  Ps4 or Xbox?","2013-07-06T00:13:48Z","PT6M2S","7059","281992","857"
"C82suucz4i4","Black ops 2 Gameplay w/ commentary. Hipsters","2013-07-03T17:48:10Z","PT4M21S","12673","396389","955"
"H_DYlka7QAQ","Project Zomboid Let's Play ep [04] lots of stuff","2013-06-18T15:51:26Z","PT15M45S","6226","167282","970"
"ov0KQthQ50U","Project Zomboid Let's Play ep. [03] Looting and storing.","2013-06-17T02:17:34Z","PT24M34S","6021","159866","1153"
"MC-7ziNt_U4","Project Zomboid let's play ep. [02] Just some chores.","2013-06-15T19:54:37Z","PT14M20S","6273","160331","1095"
"PNsF1Uh5yP8","Project Zomboid Lets Play ep [01] Roughing it out!","2013-06-15T00:03:38Z","PT19M54S","9741","282479","970"
"9Y2sAtN5yRs","Gunpowder plus mod! (Grenade mod) Epic explosions for minecraft.","2013-04-21T18:04:39Z","PT2M38S","8531","247135","875"
"-z349CGAOXs","Horse racing map for new update! (minecraft)","2013-04-21T16:37:08Z","PT1M28S","8518","248657","1006"
"pl4xmh3RWfE","Amazing minecraft Cathedral!","2013-04-21T01:36:32Z","PT58S","15189","483705","1356"
"6z5RwrvnH28","Huge WW2 jeep! Minecraft creations.","2013-04-21T00:52:21Z","PT1M4S","19826","680913","2136"
"ivdQqobHDPc","Story time!","2013-04-18T01:54:48Z","PT3M13S","21554","686902","1715"
"uUIlb2rpIuY","Epic Minecraft city! (w/ download link!)","2013-04-11T01:00:01Z","PT2M34S","12109","423486","1168"
"Ros1PpcO5Js","Pokemon online battle #9 [rb] Hidden power ice ftw!","2013-04-07T00:03:02Z","PT5M19S","8241","219789","866"
"KYv1nqutbK0","Pokemon online battle #8 Stone edge","2013-04-05T01:21:12Z","PT5M27S","9314","213178","1753"
"7Yi-ctyTNU4","Online pokemon battle #7 [uu] 5-0","2013-04-04T01:43:46Z","PT4M21S","10879","272341","1030"
"VN2-3OfUzd8","Magic karp sweeps whole team of LEGENDARIES!!!","2013-04-01T23:26:03Z","PT3M35S","8286","221350","999"
"-2IFrMOM36w","Pokemon online battles #5 [uu] Heracross never seems to dissapoint me...","2013-03-31T20:49:28Z","PT4M28S","9373","221338","1336"
"7dIFHQkrASM","This is a detailed break down of my favorite UU team... ENJOY!","2013-03-29T23:14:45Z","PT9M24S","9170","236505","1101"
"QicO1Gd0kvU","Pokemon online battle #4 [uu] Same old team","2013-03-28T17:22:43Z","PT4M39S","null","282707","1171"
"yFfcsmK2TOA","Online pokemon battle #3 [uu] Ice punch","2013-03-27T19:57:08Z","PT3M25S","null","232668","1507"
"Jl0-6tbNGBo","Pokemon online battle #2 [uu] Herracross w/ Dat MOXIE BOOST","2013-03-26T16:58:32Z","PT2M49S","null","343169","1322"
"IAbX0FwX-GY","Why I Haven't Been Uploading","2013-03-25T20:10:38Z","PT6M3S","null","916889","1916"
"XKSJRulqDNA","Most Epic Thing In Minecraft!?!?!?!?!?!!?????","2013-03-10T22:19:14Z","PT4M33S","18798","493305","2015"
"jysfHFHNjYQ","Epic minecraft apartment complex!","2013-01-27T18:25:46Z","PT53S","24399","629705","2556"
"Yox25V8Qsm4","Crazy Illulsions In Minecraft. (Bigre)","2013-01-27T02:11:30Z","PT2M35S","26036","761987","2770"
"clcN3OA8SNw","Best Minecraft Castle Ever?","2013-01-27T01:52:40Z","PT3M42S","20553","453950","2503"
"m3lTwO0aNyw","How to get unlimited diamonds! minecraft (x-ray)","2013-01-26T19:34:43Z","PT2M14S","25890","653292","2487"
"gchqnwXlxJw","Drinks in minecraft (mod)","2013-01-26T16:26:34Z","PT43S","null","634765","2134"
"atCPtw4dg7g","Emerald tool mod! (minecraft)","2013-01-23T22:34:58Z","PT49S","26637","617024","2554"
"t8aM4HuVLrQ","This is a block? Since when lol.","2013-01-21T22:30:09Z","PT52S","35075","962178","4608"
"M82VAcabSiA","Scary minecraft pig skin!","2013-01-13T16:53:17Z","PT29S","39295","1208927","3521"
"7qj3nuF9Dzw","Most Epic minecraft skin EVER  (Psy)","2013-01-13T01:59:21Z","PT31S","46772","1388877","4079"
"Y74b7WlcEpk","More birds IN MINECRAFT!!","2013-01-12T23:35:45Z","PT2M6S","51581","1504104","4287"
"Z8nEEdXTaX0","Boxy item mod Minecraft.  EPIC","2013-01-12T22:34:11Z","PT1M30S","60723","1761034","4780"
"jP82d277Cc8","Harry Potter Mod In Minecraft! EPIC MUST SEE MOD!!!","2012-03-09T23:29:03Z","PT3M59S","null","6816312","10655"
"2XVcLrB7B3Y","Worst Minecraft Saw Trap Ever???","2012-02-20T22:42:32Z","PT2M37S","1438437","35387062","167875"
