"Video_id","Video_title","Published_at","Duration","Video_type","View_count","Like_count","Comment_count"
rB9NynBZ4go,Reaction Time Challenge,2025-08-19 16:00:02.000,00:00:29,Short,170394551,2388722,11463
TDv56whosPQ,"Survive 100 Days In Prison, Win $500,000",2025-08-16 19:00:02.000,00:39:36,Normal,160517305,3169970,43638
R_BmT1OJw98,Every YouTube Play Button I Have,2025-08-15 16:00:01.000,00:00:15,Short,445323318,4846162,26443
vpRW4JhzfSE,"1 Subscriber = 1 Second In The Arctic",2025-08-08 16:00:02.000,00:00:17,Short,108531346,2922933,12681
V6In4tmd-w8,"$1 vs $25,000 VFX",2025-06-19 17:00:41.000,00:00:23,Short,111318506,2592528,14507
hTSaweR8qMI,"$1 vs $500,000 Date",2025-06-07 16:00:00.000,00:17:22,Normal,185368142,3604181,63157
KCRLP-zBacU,Can I Teach a Penguin To Subscribe?,2025-05-31 16:10:27.000,00:00:09,Short,894904692,8537545,21789
c2ukL_zjFCk,Extreme Helmet Game,2025-05-28 16:00:19.000,00:00:32,Short,202116370,3710419,8063
tAwzBYE18Us,How I Became MrBeef,2025-11-16 20:00:02.000,00:00:46,Short,41619519,1512724,19104
oBXSvS2QKxU,"100 Kids Vs World's Strongest Man!",2025-10-11 16:00:00.000,00:27:21,Normal,179376595,2896910,52647
UTdcX1e0cMA,"Jump Over The Lava, Win!",2025-10-10 16:00:01.000,00:01:03,Normal,90237010,2322252,12948
oiZvK6MY7tI,"Call Your Ex, Win $10,000",2025-10-07 16:00:00.000,00:00:34,Short,145828754,3416809,12576
qXW93Cois2s,Guess What Hit You,2025-08-05 16:00:01.000,00:00:32,Short,101193603,1606182,6851
r7f0L48dHpc,$1  = One Year of Clean Water,2025-08-02 16:00:02.000,00:00:32,Short,172539025,4649329,19933
Z4hVGCWH1Kc,"2,000,000 People Get Clean Water For The First Time!",2025-08-01 16:00:01.000,00:10:20,Normal,115694562,2424228,46954
DZIASl9q90s,"Beat Neymar, Win $500,000",2025-05-24 16:00:01.000,00:27:53,Normal,167445883,3597639,80850
R1SFXJo-FlE,Subscribe To Explode The TNT,2025-07-29 16:00:01.000,00:00:19,Short,379460246,5296182,14447
lQz5aqjZ3lQ,"Find This Briefcase, Win $10,000",2025-07-25 16:00:02.000,00:01:07,Normal,270679870,6452406,19627
EiFcNbXBqeo,Jet Engine vs Human for $10k,2025-07-20 16:00:01.000,00:00:24,Short,166358490,2493003,7479
pzBi1nwDn8U,"Survive 100 Days Trapped In A Private Jet, Keep It",2025-07-19 16:00:01.000,00:33:03,Normal,149487879,3525213,46662
R7oW0LwS_e4,I Met Neymar,2025-07-11 16:15:07.000,00:00:10,Short,120845947,1952746,16727
BfKI_TQnQvo,I Raced A Cheetah,2025-07-06 16:00:01.000,00:00:20,Short,165260733,3360306,14961
FWAdfuPpLOc,World's Fastest Car Vs Cheetah!,2025-07-05 16:00:01.000,00:20:37,Normal,235883752,3535359,47832
NjlP2_l1Wr0,"You Lose, You Get Shot",2025-06-30 16:00:08.000,00:00:36,Short,113169699,1851772,6841
gGcaGdHlt60,"If You Spill, You Lose!",2025-06-25 17:00:08.000,00:00:19,Short,519192150,4231455,8636
"7qY-qalCI2Y","Grab The Rolex, Keep It!",2025-05-21 15:59:50.000,00:00:23,Short,251933380,3518348,10675
pe_ejTiIcSs,"Lose 100 LBs, Win $250,000!",2025-06-21 16:00:01.000,00:36:50,Normal,254432936,6940196,118879
N0pwLtonPdg,Slippery vs Sticky Stairs,2025-05-16 16:00:01.000,00:00:36,Short,890814692,9469892,32119
wSh8fAFWEWs,Survivor vs Beast Games,2026-01-16 19:00:01.000,00:00:28,Short,36669449,876108,14470
ywIcdSNJolo,Pass the Phone,2026-01-09 19:00:05.000,00:00:23,Short,95835353,1968247,13652
mktYW177p6U,Guess the Animal,2026-01-06 17:00:02.000,00:00:53,Short,480880217,5997925,19874
"7aE4EhHXzlA",I Paid Everyone Stuck in Traffic,2025-12-26 17:00:05.000,00:00:27,Short,99478856,2777855,41117
IJkB-oapuks,"Giving Away $1,000,000 in Gifts To My Subscribers",2025-12-21 17:00:01.000,00:00:19,Short,1220774820,8500888,194145
_AbFXuGDRTs,"$1 vs $1,000,000,000 Nuclear Bunker!",2025-08-30 16:00:11.000,00:17:18,Normal,175466483,2990823,38641
uZY9xr-QAk0,"Flip a Coin, I’ll Pay For Your College",2025-11-28 17:00:01.000,00:00:34,Short,338262971,5826154,28840
F0OkwXKcPSE,Hi Me In 10 Years,2025-10-04 16:00:07.000,00:03:14,Normal,62050339,3697617,114395
"686PL7rt654",World’s Fastest Dinner Date,2025-10-03 16:00:03.000,00:00:34,Short,336095442,4188448,15106
NfhuGUyWYfQ,Would Your Grandma Go Skydiving?,2025-09-26 18:00:07.000,00:00:42,Short,96959310,2583524,9372
wIpWCJKfRXs,I Cooked A Pizza With Power Tools,2025-09-23 16:00:07.000,00:00:40,Short,756992223,12067487,63194
"9Xeepzg1B8I",Which Celebrity Punches The Hardest?,2025-09-19 16:00:03.000,00:00:47,Short,191732676,3629357,10901
"50G0kIty7Cg","Answer The Call, Win $10,000",2025-09-16 17:00:04.000,00:00:39,Short,1149449479,11261401,32566
"4l97aNza_Zc","Survive 30 Days Chained To Your Ex, Win $250,000",2025-09-13 16:00:01.000,00:37:04,Normal,236836672,4182714,69767
"3ih2bPKSWsQ",I Arrested IShowSpeed,2025-09-12 17:00:01.000,00:00:35,Short,106657169,2730548,7857
uA9Zcg3vHvo,I Raced IShowSpeed,2025-09-01 20:45:41.000,00:00:47,Short,604658256,9627239,12714
MOGW3v3pJ5Y,"1 Subscriber = 1 Penny Donated",2025-08-29 16:00:10.000,00:00:18,Short,651666333,23631833,33062
XNtTO_339kU,"Pick The Wrong Tube, Get Slimed",2025-08-27 16:00:02.000,00:00:36,Short,161923132,3380085,10109
DBPYB8WkkDc,Bring Me Back Snow From The North Pole,2024-12-10 17:00:00.000,00:00:55,Short,765494844,19296659,17359
MFpWEKN9c6Y,"Last Person Hanging Wins $10,000",2025-01-21 17:00:03.000,00:00:43,Short,637567043,13754723,17983
"3dxksf0CzS8",World’s Fastest Robbers,2025-05-02 16:00:00.000,00:00:32,Short,350760164,6324370,15843
zvBXpoBegwE,I Got T-Series To Subscribe To Me,2024-12-09 17:00:01.000,00:00:31,Short,292121619,9108756,19068
SWc8fI_9iqA,Ronaldo Teaches Me How To SIUU,2024-12-01 17:00:00.000,00:00:15,Short,404334026,9699277,38511
"0BjlBnfHcHM","Beat Ronaldo, Win $1,000,000",2024-11-30 17:00:00.000,00:22:45,Normal,372346018,8407588,121909
HcL1EQ5qD_g,Confronting Ronaldo,2024-11-29 17:30:10.000,00:00:21,Short,286712866,13517934,35248
dc089EZRGcg,How Many Balloons To Make A Store Fly?,2024-11-18 19:00:00.000,00:00:22,Short,568266819,11157380,15174
nAiKLoCP-kU,"Reach the Money, Win $10,000",2025-02-14 18:15:00.000,00:00:25,Short,577693611,8371352,11376
TN1wErFGTzM,"Find This Key, Win $10,000",2025-05-05 16:00:00.000,00:00:39,Short,61024099,1802636,8630
vXNtju4VFm4,Restocking MrBeast Labs at Walmart,2024-11-18 17:00:00.000,00:00:36,Short,420251279,6553461,2743
I9mw5UlDyPI,This Game Is Wild...,2024-11-12 17:00:00.000,00:00:19,Short,727509801,13628851,9814
Xj0Jtjg3lHQ,"$1 vs $500,000 Experiences!",2024-11-02 16:00:00.000,00:17:40,Normal,278322243,5133246,56373
"9UtcHPCEBgg","1 Subscriber = 1 Penny",2024-10-19 18:00:00.000,00:00:17,Short,439180803,17828042,33368
ZNt_GoOBHq8,Human vs Jet Engine,2024-10-17 19:00:00.000,00:00:19,Short,620485126,14026764,22238
bn0Kh9c4Zv4,"7 Days Exploring An Underground City",2024-10-12 16:00:00.000,00:20:35,Normal,181622384,3783639,35293
dDVFnfCwjHA,Will A Basketball Boat Hold My Weight?,2024-10-11 16:00:01.000,00:00:30,Short,416399207,10401601,8029
Kt2HvqRruHQ,"Find The Real MrBeast, Win $10,000",2024-10-05 16:00:00.000,00:00:37,Short,400366036,11093404,13849
vDrSCXFMAKk,"Spot The Difference, Win $10,000",2024-09-28 20:00:00.000,00:00:58,Short,284263552,8513865,7917
snX5YyflrGw,"100 Identical Twins Fight For $250,000",2024-09-28 16:00:00.000,00:35:40,Normal,202831611,3443425,29815
nbzQdlWrcnk,Running With Bigger And Bigger Lunchlys,2024-09-20 16:00:00.000,00:00:18,Short,382117228,8497864,11592
"8krJy31Diow",Holding Bigger And Bigger Dogs,2024-09-16 18:00:00.000,00:00:17,Short,358216338,8286430,11503
Jo7sfpeWqwE,Will A Guitar Boat Hold My Weight?,2024-09-05 16:00:01.000,00:00:20,Short,772205564,18120767,15977
QtD-CeUdRUQ,"Real Or Cake For $10,000",2024-08-29 16:00:00.000,00:00:37,Short,271220722,8236599,22764
ndAQfTzlVjc,"7 Days Stranded In A Cave",2024-08-17 16:00:00.000,00:17:59,Normal,183837635,4683893,94361
AydS-vA3qa4,Running With Bigger And Bigger Feastables,2024-08-15 23:00:00.000,00:00:17,Short,458327648,12417954,33211
UPrkC1LdlLY,"Survive 100 Days In Nuclear Bunker, Win $500,000",2024-08-03 16:00:00.000,00:32:21,Normal,358363578,6274272,88454
"8bTQMDM4qvY","Spot The Fake Animal For $10,000",2024-07-19 16:00:00.000,00:00:40,Short,683769497,17550767,30108
DBw0oD38z0Q,This Game Is Wild,2024-07-17 16:00:00.000,00:00:21,Short,240369530,6262085,11151
"4SNThp0YiU4","50 YouTubers Fight For $1,000,000",2024-07-13 16:00:01.000,00:41:27,Normal,469376457,9747478,350500
XhuisK0bTSA,Pass The Phone To…,2024-07-11 17:00:01.000,00:01:00,Normal,290253057,11494574,52674
lkCRPp7cnP8,How Many Balloons Does It Take To Fly?,2024-07-10 17:00:00.000,00:00:18,Short,546747911,20401317,51422
KkCXLABwHP0,I Built 100 Houses And Gave Them Away!,2024-06-29 16:00:00.000,00:09:36,Normal,262726148,7991914,292629
PWirijQkH4M,World’s Deadliest Obstacle Course!,2024-06-15 16:00:01.000,00:28:25,Normal,432501723,6863802,139212
U_LlX4t0A9I,"$10,000 Every Day You Survive In The Wilderness",2024-06-01 16:00:00.000,00:26:10,Normal,383291292,9025832,342448
T8I165Qxeo8,Sprinting with More and More Money,2024-05-30 16:00:01.000,00:00:29,Short,324105665,11973587,86763
i-9V21MqlhY,Giving 1000 Phones Away,2024-05-28 16:00:00.000,00:00:18,Short,393615748,23251843,828493
YyNz4--6fro,World’s Smartest Dog,2024-05-16 16:00:00.000,00:00:12,Short,293526019,10814704,35779
f0cXJ6mJxGc,Bottle Head Smashing World Record Attempt!,2024-05-14 16:00:00.000,00:00:38,Short,550993979,12932610,52604
uyiG6uw-6pA,"Would You Risk Drowning for $500,000?",2025-04-26 16:00:00.000,00:25:46,Normal,212177683,3272592,43646
M1STzb7k9L8,Extreme Helmet Game,2025-04-25 16:15:00.000,00:00:23,Short,262162779,2535503,5573
"7K-yxGWYsnk","$10,000 Human Shuffleboard",2025-04-22 16:30:14.000,00:00:40,Short,620454104,6931044,6105
Tbn4cYCaZCk,"Drift This Car, Win $10,000",2025-04-16 17:00:15.000,00:00:20,Short,563818773,7063253,11925
figrl0aOULs,Click This Video To Feed 1 Person,2025-04-12 16:00:01.000,00:10:29,Normal,77540153,4260528,73377
Uxc84UUrVHk,You Can Stop Child Labor,2025-04-11 16:00:01.000,00:00:58,Short,115180458,4295767,27511
BzKaMelDzqo,How Fast Can I Go?,2025-04-05 16:00:12.000,00:00:18,Short,189038771,2910020,9508
"4yx9ZJDfyKk",Baseball Tic Tac Toe vs MLB Pro,2025-03-27 16:00:00.000,00:00:27,Short,71847104,1594134,7548
"69g-YcbmgQA","Find Your Dog, Win $10,000",2025-03-23 16:00:01.000,00:00:36,Short,619347087,13138583,12847
aKq8bkY5eTU,I Survived The 5 Deadliest Places On Earth,2025-03-22 16:00:00.000,00:13:23,Normal,185641297,3326476,55439
TNtpUQbW4mg,This Is How The Pyramids Were Built,2025-03-18 16:00:00.000,00:00:13,Short,409628266,8934512,25549
"954wJ3uHVAk",Last One To Fall Wins,2025-03-08 18:05:23.000,00:00:30,Short,162989162,4241582,9072
zajUgQLviwk,"Last to Leave Their Circle Wins $500,000",2025-03-01 17:00:01.000,00:38:38,Normal,202618347,3145670,84893
aRcUVhVlSHg,"Men Vs Women Survive In The Wilderness For $500,000",2024-09-07 16:00:00.000,00:31:48,Normal,236820704,4461471,54915
-4GmbBoYQjE,I Survived 100 Hours In An Ancient Temple,2025-05-10 16:00:01.000,00:15:46,Normal,137672213,3076854,78543
x7yv72s8h0o,Would You Go On Vacation With A Stranger?,2025-04-29 16:00:00.000,00:01:03,Normal,435211133,10058624,31161
PuQ5UxKUY48,"Find The Human, Win $10,000",2025-02-24 17:00:02.000,00:00:41,Short,394072392,7943516,9782
L5ihmu87xTE,"Find This Stranger, Win $10,000",2025-02-19 18:00:00.000,00:01:01,Normal,798861237,18070553,16412
sF5LYGgKbUA,Every Minute One Person Is Eliminated,2025-01-25 17:00:01.000,00:34:46,Normal,172140342,3219286,77720
TRxMLLuWIhw,Subscribe For An iPhone,2025-01-17 17:00:00.000,00:00:17,Short,296083239,28158109,236363
SM66GDRyIVY,"I Helped 2,000 People Walk Again",2025-01-11 17:00:02.000,00:15:31,Normal,144269757,3017694,56041
gs8qfL9PNac,"2,000 People Fight For $5,000,000",2024-12-19 17:00:00.000,00:24:45,Normal,201199191,4656127,51631
"8kggT2ej-lo",Would You Pet a Cheetah in Africa?,2023-05-01 20:00:02.000,00:00:39,Short,982220271,29303733,38627
OnTTThIzuNU,"Keep Track Of Car, Win $10,000",2024-03-19 16:00:00.000,00:00:51,Short,184446472,7977654,95382
k194wHZHjB0,Most Expensive Hand Model Holds Feastables,2024-02-24 18:00:09.000,00:00:22,Short,757446587,13348337,13118
Pv0iVoSZzN8,In 10 Minutes This Room Will Explode!,2024-04-27 16:00:00.000,00:10:00,Normal,168303352,4171683,76729
O3YVBJ2n5xg,I Ate The World’s Most Poisonous Fish,2023-08-08 17:30:01.000,00:00:32,Short,551760102,22241017,41384
AjZDwxt7S8w,I Gave Away A House On Halloween,2023-11-10 18:00:00.000,00:00:48,Short,369255378,13851745,37468
yhB3BgJyGl8,"7 Days Stranded At Sea",2023-08-05 16:00:01.000,00:18:05,Normal,429432380,8386731,129556
"48h57PspBec","$1 vs $1,000,000,000 Yacht!",2023-06-10 16:00:00.000,00:14:47,Normal,553560276,8446845,168027
ZVt9ZJfWV1c,"Feeding A Dog $1 vs $10,000 Steak",2023-12-14 18:00:00.000,00:00:27,Short,622454802,16024831,32077
CWbV3NItSdY,The World's Fastest Cleaners,2024-04-25 16:00:03.000,00:00:35,Short,730906795,26573950,44336
mwKJfNYwvm8,I Built 100 Wells In Africa,2023-11-04 16:00:00.000,00:10:30,Normal,266143710,10431735,214560
QjvpjXdgugA,"10 People Vs World's Deadliest Laser Maze for $250,000",2023-10-28 15:59:59.000,00:25:59,Normal,313502815,4870398,83608
"3ryID_SwU5E","$1 vs $100,000,000 House!",2023-10-14 16:00:00.000,00:17:03,Normal,428192606,6507705,136156
ooAwCOP67GQ,Do Pawnshops Scam You?,2023-06-03 16:59:57.000,00:00:33,Short,467194996,16887986,26795
Gx6VeIIbWwM,"Spot The Hidden People For $10,000",2023-09-28 17:00:01.000,00:00:35,Short,768831755,22070858,31986
"3OFj6l2tQ9s",World's Most Dangerous Trap!,2023-10-07 16:00:00.000,00:19:34,Normal,350312846,6746303,149810
bvlFjrcpD6s,I NEED 1 MORE 𝗦𝗨𝗕𝗦𝗖𝗥𝗜𝗕𝗘𝗥,2023-10-05 17:00:01.000,00:00:23,Short,562032713,31037331,83982
IQxea9UB1nQ,"$100,000,000 Car Doors",2023-09-19 17:00:00.000,00:00:29,Short,1325310327,30061751,42991
GGBy50KtvRk,Tipping A Waitress A Car,2023-04-22 20:00:00.000,00:00:38,Short,769159018,30538130,73077
CAOY8EKH1qU,I Paid A Random Student’s College Tuition,2023-09-26 16:59:59.000,00:00:37,Short,531540229,25156407,63127
AjwAdtlRKf8,"Buy Feastables, Win $10,000",2024-02-17 19:00:01.000,00:00:41,Short,475570791,16494784,37546
K_CbgLpvH9E,I Spent 7 Days In Solitary Confinement,2023-12-30 17:00:03.000,00:20:16,Normal,292636985,5551299,86025
NTZhwAldqwg,Metal Pipe Vs School Bus,2023-08-22 17:00:00.000,00:00:28,Short,536975512,13886670,29554
stUofW3whpE,I Buried Treasure in the Bermuda Triangle,2023-07-06 17:00:01.000,00:00:53,Short,537297290,26208636,39224
ykRq_rp7NhM,I Got Naruto to Subscribe to Me,2023-05-20 20:00:00.000,00:00:20,Short,323807031,13393363,24575
"6GzHPS0rEgc","I’m Giving My 250M Subscriber $25,000",2024-04-06 19:45:00.000,00:00:21,Short,350284848,10806525,60471
mKdjycj-7eE,"Stop This Train, Win a Lamborghini",2024-03-16 16:00:00.000,00:19:01,Normal,269208880,5478289,126956
oA4LSZvX4iE,Ages 1-100 Try My Chocolate,2024-05-09 16:00:00.000,00:00:39,Short,286557543,10011517,36070
jGAJCAuV3pQ,World’s Most Expensive Coffee,2023-10-19 17:00:03.000,00:00:33,Short,285517244,11411937,28949
ZKxnjszkZto,"Spot The Hidden People For $10,000",2024-05-08 16:00:01.000,00:00:35,Short,206396990,6472064,12495
"7ESeQBeikKs","Protect $500,000 Keep It!",2024-01-13 17:00:00.000,00:15:34,Normal,196392956,4827681,70562
sH48lKbayNU,Unboxing My 200M Subscriber Play Button,2024-02-29 17:00:00.000,00:00:46,Short,253062034,14662121,55457
J_z-W4UVHkw,"Every Country On Earth Fights For $250,000!",2023-08-19 16:00:01.000,00:18:13,Normal,269824172,6546852,380809
lOKASgtr6kU,I Adopted 100 Dogs!,2023-12-23 17:00:00.000,00:15:03,Normal,398823789,6735018,112256
l9_8_pDTmis,"Furthest Away From Me Wins $10,000",2023-11-02 17:00:03.000,00:00:48,Short,734152347,22358108,41083
CP82DAKzL1U,I Traded My Car At a Red Light,2023-07-15 17:00:01.000,00:00:47,Short,752247795,27522428,43726
imhY0pe-Sd8,"Anything You Touch, You Keep!",2024-04-02 16:00:03.000,00:00:48,Short,315111583,11030192,17278
c0v8OPItCOg,"$100,000,000 Bathroom",2023-10-17 17:00:00.000,00:00:50,Short,383646289,12873341,23908
AFXoSFNMwIA,I Filled Chandler’s Car With Feastables,2024-02-27 18:00:01.000,00:00:38,Short,489497460,15154871,30418
vBpQ1SlfVtU,World’s Largest Dominoes Vs Store,2023-09-02 16:00:00.000,00:14:59,Normal,278580529,5831360,144076
"9RhWXPcKBI8","Survive 100 Days Trapped, Win $500,000",2023-12-16 17:00:01.000,00:27:08,Normal,457632824,6939169,98812
KOEfDvr4DcQ,"Face Your Biggest Fear To Win $800,000",2024-02-10 17:00:00.000,00:22:03,Normal,387013522,6805646,229048
l-nMKJ5J3Uc,"Ages 1 - 100 Decide Who Wins $250,000",2024-04-20 15:59:59.000,00:40:02,Normal,324664424,6317533,218515
IemzxkkzI5s,I Tipped A Pizza Delivery Driver A Car,2023-10-12 17:30:03.000,00:00:52,Short,720451133,27099117,36592
fuhE6PYnRMc,Train Vs Giant Pit,2023-07-08 16:00:00.000,00:10:36,Normal,301901278,6646052,129365
SGzWIoLAzmY,"Feeding A Cat $10 Vs $10,000 Sushi",2023-08-31 17:00:00.000,00:00:31,Short,421815786,14293610,33844
mKIhHNznt4s,Can You Beat A Girl In Arm Wrestling?,2023-08-17 17:00:00.000,00:00:52,Short,596804687,21367942,40347
WTOm65IZneg,"1,000 Deaf People Hear For The First Time",2023-05-06 19:59:59.000,00:06:14,Normal,219235525,5539856,153701
Y4-gFIfGXiQ,Would you go on a Blind Date in Italy?,2023-04-15 20:00:01.000,00:00:51,Short,592528590,24327163,29719
AZlBZuS4hr0,"Guess The Gift, Keep It",2023-10-03 17:00:00.000,00:00:45,Short,1031150815,26382105,23967
NnNZLCl78Ao,"Make This Kick, Win Super Bowl Tickets",2023-08-25 16:00:25.000,00:00:52,Short,140665518,5192966,9155
aZnqqXaT02g,Giving Car Keys Instead Of Candy On Halloween,2023-11-09 18:00:00.000,00:00:32,Short,427252222,11014925,15266
snUyLbGx6U4,"Buy Feastables, Win Unlimited Money",2024-04-30 16:00:00.000,00:00:51,Short,525554603,14004527,37705
krsBRQbOPQ4,"$1 vs $250,000,000 Private Island!",2024-01-27 17:00:00.000,00:16:59,Normal,396766985,6017820,103684
erLbbextvlY,"7 Days Stranded On An Island",2024-03-30 16:00:01.000,00:22:26,Normal,497004769,7715054,152113
XE1Qyss8GIY,"Guess The Gift, Keep It",2024-04-09 17:00:00.000,00:00:46,Short,618082567,19889708,26043
jObOjhUkf50,"$1 vs $250,000 Vacation!",2023-08-12 15:59:59.000,00:15:58,Normal,441700724,6834381,109154
"5Fg9oZk-5uA",I Bought Everything In 5 Stores,2021-01-09 21:01:25.000,00:13:50,Normal,216289340,5783053,191855
PKtnafFtfEo,YOUTUBE REWIND: 2020,2021-01-01 21:00:03.000,00:06:31,Normal,73493926,5015308,272564
cExLQ1o2pDw,"First To Rob Bank Wins $100,000",2021-09-26 20:00:06.000,00:08:02,Normal,216212448,4577478,117365
hxwpkM5w3Cc,I Got Hunted By The FBI,2021-08-07 23:00:03.000,00:15:51,Normal,270601640,4906389,97553
kX3nB4PpJko,"Last To Take Hand Off Jet, Keeps It!",2022-11-12 21:00:00.000,00:15:37,Normal,248957715,4961593,99750
YlvcFJOE-OE,Giving iPhones Instead Of Candy on Halloween,2022-11-02 21:00:01.000,00:00:40,Short,1805904858,41963703,153375
ktyJIj6i4Qw,"If You Can Carry $1,000,000 You Keep It!",2021-07-24 20:00:59.000,00:10:07,Normal,269843671,3941344,78921
cV2gBU6hKfY,I Cleaned The World’s Dirtiest Beach #TeamSeas,2021-10-29 19:59:43.000,00:04:55,Normal,136319635,5609749,166154
lglIQkCHO0g,Do Men Lie About Their Height?,2023-02-14 21:00:14.000,00:00:47,Short,610446786,22124013,30248
uocETPj4Jx4,"Extreme $500,000 Game Of Tag!",2021-09-04 20:00:07.000,00:12:33,Normal,234869545,4801421,97218
urtFrxDUV6c,"Would You Quit School For $100,000?",2021-07-10 20:00:09.000,00:10:12,Normal,190743031,3709574,82997
"7IKab3HcfFk",I Survived 50 Hours In Antarctica,2022-12-24 20:59:59.000,00:12:10,Normal,259586770,5868936,143018
SZQhgExjBvQ,I Survived 24 Hours Straight In Ice,2020-10-29 20:17:44.000,00:11:34,Normal,184346167,4270165,192704
dg2Ag3e8W-Q,I Opened A Restaurant That Pays You To Eat At It,2020-12-19 22:00:03.000,00:09:32,Normal,206817059,5195819,723564
WcwGleN38zE,"Extreme $100,000 Game of Tag!",2021-04-17 20:00:00.000,00:16:39,Normal,272850119,4022178,116379
s1ax8Tx_Jz0,Would YOU Rather Have A Lamborghini or This House?,2020-08-22 20:00:01.000,00:18:26,Normal,234817591,4181020,150698
ayXxwJJId_c,"I Bought The World's Largest Mystery Box! ($500,000)",2021-04-03 20:00:01.000,00:10:50,Normal,304488675,5553725,173977
Dc2ZRmuH5OM,"Steal This $100,000 Diamond, You Keep It",2020-11-28 21:00:04.000,00:14:03,Normal,232408344,3695467,92229
GLoeAJUcz38,"Press This Button To Win $100,000!",2020-11-14 21:00:02.000,00:15:11,Normal,365780124,4867034,93036
IoZri9hq7z4,I Uber’d People And Let Them Keep The Car,2020-10-24 20:00:01.000,00:14:11,Normal,154989041,4240473,85813
DuQbOQwVaNE,"Offering People $100,000 To Quit Their Job",2021-03-13 21:00:02.000,00:10:27,Normal,170318923,3547402,111224
vp5sSqyZ5Go,I Filled My Brother’s House With Slime & Bought Him A New One,2020-10-10 20:00:31.000,00:09:25,Normal,265353410,4166766,116663
AKJfakEsgy0,Hi Me In 5 Years,2020-10-04 20:00:54.000,00:02:08,Normal,148651881,7359986,263360
UE5AHE2Ypr8,"I Gave My 40,000,000th Subscriber 40 Cars",2020-09-19 20:00:02.000,00:17:11,Normal,215131593,4903103,184951
Hwybp38GnZw,I Built Willy Wonka's Chocolate Factory!,2022-06-04 20:00:02.000,00:16:11,Normal,378101128,6949380,155715
TDiXxsQ0w2Q,Why I Haven’t Been Uploading,2020-09-17 20:00:05.000,00:05:54,Normal,59412778,2779471,93998
oD155zWANQg,"Get This Random Person 1,000,000 Subscribers",2020-09-05 20:00:17.000,00:14:05,Normal,87885291,2644835,119454
NkE0AMGzpJY,"Last To Leave $800,000 Island Keeps It",2020-08-15 20:00:02.000,00:21:15,Normal,297881839,5911149,224109
iogcY_4xGjo,"$1 vs $1,000,000 Hotel Room!",2022-10-22 21:00:00.000,00:15:41,Normal,446257675,7685887,116221
FbM1yi4mMMc,I Bought A Private Island,2020-08-13 20:00:07.000,00:11:37,Normal,186463063,4010922,126845
S_CUEOBZ0P4,"The Rock Vs MrBeast For $100,000",2022-10-21 20:00:06.000,00:00:55,Short,727088422,36350185,81320
gHzuabZUd6c,"Survive 100 Days In Circle, Win $500,000",2022-09-24 19:59:59.000,00:17:10,Normal,417661956,6356569,101466
"65fN_OUawjk",I Hunted 100 People!,2022-09-03 19:59:59.000,00:12:03,Normal,272097707,4045836,65748
jdMNoQE3mIQ,Can I Survive A Plane Crash?,2022-08-20 20:00:00.000,00:08:14,Normal,233747909,4281502,74041
"3jS_yEK8qVI",World’s Most Dangerous Escape Room!,2022-01-29 21:00:01.000,00:08:01,Normal,291151744,5566943,129511
"00NgUctWoLQ","Extreme $1,000,000 Hide And Seek",2021-12-18 21:00:00.000,00:12:09,Normal,110946636,3649435,116208
x9TQ6culXIA,"World's Biggest YouTubers Fight for $1,000,000",2021-12-16 21:00:00.000,00:12:05,Normal,107000748,3130743,83318
QbJJwaVdgIs,I Got Hunted By The Military,2021-12-10 21:30:02.000,00:10:27,Normal,266978305,4868857,93491
NZlClr_ivb4,"Hit The Target, Win $300,000",2021-06-12 20:00:01.000,00:13:17,Normal,224362020,3776040,80071
E6E22XQPhhg,Anything You Can Fit In The Triangle I’ll Pay For,2021-06-01 20:00:02.000,00:16:08,Normal,271622431,3679312,82302
TQHEJj68Jew,I Got Hunted By A Real Bounty Hunter,2021-04-24 20:00:00.000,00:13:28,Normal,239771607,4377754,119862
Y0cBiGUuB1Y,I Sent a Subscriber to Disneyland,2023-03-30 20:00:00.000,00:00:27,Short,722391521,30210467,81463
TJ2ifmkGGus,"1,000 Blind People See For The First Time",2023-01-28 21:00:00.000,00:08:01,Normal,216984232,10381621,378247
fMfipiV_17o,"Would You Sit In Snakes For $10,000?",2021-04-10 21:00:07.000,00:14:07,Normal,404463244,5787069,139908
_uwNDiU04zE,"I Donated $300,000 To People In Need",2021-02-13 21:00:01.000,00:10:54,Normal,57554775,3026306,142891
Vl3swga-Xrk,"Would You Rather Have A Giant Diamond or $100,000?",2020-09-26 20:40:02.000,00:12:24,Normal,208826205,3087352,71534
C680oxL__ck,"I Ate $100,000 Golden Ice Cream",2021-01-22 21:00:03.000,00:13:17,Normal,307442190,6178535,172929
zxYjTTXc-J8,"Last To Leave Circle Wins $500,000",2021-08-31 20:01:03.000,00:17:44,Normal,557006673,7907146,132600
qIsgdOVGA04,"Last To Take Hand Off Lamborghini, Keeps It",2021-10-23 20:00:01.000,00:15:08,Normal,201869477,4818921,126432
YLt73w6criQ,I Paid A Real Assassin To Try To Kill Me,2023-03-18 20:00:01.000,00:12:17,Normal,336668165,6488004,104879
h5NvTTOlOtI,Real Life Spider-Man Vs Skyscraper,2022-12-10 21:00:01.000,00:10:25,Normal,271052696,5805956,124113
"0CTp1a-aCUM","100 Kids Fight Parents For $500,000",2022-12-03 21:00:00.000,00:15:23,Normal,342269676,4935864,93040
NPYPXWJBTWM,"$10,000 Girl Scout Cookies",2023-03-11 17:00:47.000,00:00:23,Short,751259741,14378527,20066
"9bqk6ZUsKyA",I Spent 50 Hours Buried Alive,2021-03-27 20:00:04.000,00:12:40,Normal,341861579,8345996,242199
f0c7pSCoZqE,"I Put 1,000,000,000 Christmas Lights On A House (World Record)",2020-12-23 21:00:06.000,00:11:22,Normal,135203357,3004754,105719
LeYsRMZFUq0,"I Gave People $1,000,000 But ONLY 1 Minute To Spend It!",2020-12-15 21:00:11.000,00:14:18,Normal,244514953,7095803,185390
vJH28ICkCdU,I Sold My House For $1,2021-03-06 21:00:02.000,00:09:20,Normal,189699887,4095070,116878
"2isYuQZMbdU","100 People Fight For A Private Island",2022-08-04 19:59:59.000,00:15:31,Normal,261914469,7173338,224615
tVWWp1PqDus,"100 Boys Vs 100 Girls For $500,000",2022-07-23 20:00:09.000,00:16:53,Normal,305935143,5045959,136121
"0e3GPea1Tyg","$456,000 Squid Game In Real Life!",2021-11-24 21:00:01.000,00:25:42,Normal,934018694,20018345,651876
"2eFSU7TFOnk",Spending 24 Hours On Top Of A Mountain,2019-06-13 20:00:01.000,00:15:24,Normal,234606957,4106592,116533
gL6iSCSHjco,"Last To Leave Roller Coaster Wins $20,000 - Challenge",2019-08-17 20:00:00.000,00:15:07,Normal,168882946,3067761,66402
QxGVgXf_LNk,"Going Through The Same Drive Thru 1,000 Times",2019-10-05 20:00:08.000,00:15:38,Normal,318938067,5270656,132566
d1010B3sKNQ,Surviving 24 Hours Straight In A Rain Forest,2019-09-21 21:00:00.000,00:13:09,Normal,147858462,2738132,73257
jokVbbLqV_E,"I Spent $100,000 On Lottery Tickets And Won!",2019-10-31 20:00:02.000,00:15:10,Normal,58559422,1436403,29817
ha4tRQwKIUg,I Bought Everything In A Store - Challenge,2019-05-18 20:05:02.000,00:16:56,Normal,171364560,4343861,180083
erQ_9yEz0ls,"$1 vs $100,000 Firework!",2020-07-03 21:00:20.000,00:11:09,Normal,267973488,5561227,181959
F4Y3Pkn95GI,"I Ate A $70,000 Golden Pizza",2020-02-29 21:00:22.000,00:12:36,Normal,286785149,4460470,110363
lBYC4_Lccjw,Surviving 24 Hours On A Deserted Island,2019-08-22 20:00:07.000,00:13:52,Normal,217181880,3689036,80563
r7zJ8srwwjk,I Spent 50 Hours In Solitary Confinement,2020-05-30 20:10:08.000,00:15:52,Normal,343365228,5105576,116698
HPJKxAhLw5I,"Planting 20,000,000 Trees, My Biggest Project Ever!",2019-10-25 19:01:01.000,00:07:23,Normal,119878279,4545065,160047
gsWPpE4Rid0,Videos I Could Not Upload...,2020-04-30 20:00:08.000,00:13:32,Normal,175790065,4137954,65580
HBMmK1c44sE,I Spent 24 Hours In A Doomsday Bunker,2020-04-11 20:00:00.000,00:11:59,Normal,229946043,3428344,79117
yXWw0_UfSFg,Anything You Can Fit In The Circle I’ll Pay For,2020-03-07 21:00:00.000,00:19:43,Normal,339101995,5334822,113221
Ims5p6wjW9s,"Last To Take Hand Off Boat, Keeps It",2019-10-19 20:06:01.000,00:16:48,Normal,137676242,2158817,57054
UQtltNZ_pjs,I Won Every Prize At A Theme Park,2019-08-15 19:59:59.000,00:13:22,Normal,189667323,3032297,67673
al6130OD1Ck,"Donating $100,000 To Random Streamers",2019-09-28 20:29:58.000,00:14:46,Normal,67683609,1919262,42439
KSKJKLmAqpI,"Lambo Race, Winner Keeps Lambo",2020-02-08 21:00:02.000,00:14:48,Normal,152748658,2759724,54899
ajJbMGq9AS4,"Youtube ""Freinds""",2015-05-23 01:28:10.000,00:04:39,Normal,112358,1681,216
NS3hse9ezik,"Last To Leave Ramen Noodle Pool Wins $20,000",2019-09-13 20:00:05.000,00:14:32,Normal,78802673,1605309,43598
npDey6_9YRs,"Anything You Can Carry, I'll Pay For #2",2019-09-06 20:00:00.000,00:13:59,Normal,93244946,1761556,34731
"0NGWT9COcEI","I Gave My Brother 24 Hours To Spend $100,000",2019-08-31 20:00:01.000,00:13:08,Normal,109641650,2595607,56540
"3LLnjRLrvLU",I Opened A Free Car Dealership,2019-08-29 20:00:00.000,00:15:20,Normal,159625231,3558381,137027
bTrV5v7GLcQ,"Last To Leave Pool Of $20,000 Keeps It",2019-08-24 20:00:01.000,00:16:39,Normal,188330250,3362050,81572
n6qc4LHN2KQ,I Opened The World's First FREE Store,2019-06-15 20:00:00.000,00:14:51,Normal,98796054,2398117,76100
IYVjOfoU3uI,I Gave My Credit Card To Random People,2020-02-01 21:00:01.000,00:16:48,Normal,203139946,4138535,97468
RwnN2FVaHmw,"Last to Stop Swinging Wins $1,000,000 (Part 2)",2019-11-30 21:00:03.000,00:13:03,Normal,148598180,2385480,80589
TOcGSwJBPMQ,I Spent 24 Hours Straight At Area 51,2019-08-02 21:00:01.000,00:15:15,Normal,198344571,4028754,100119
Rj_vssRaZlQ,I Ate The World’s Largest Slice Of Pizza,2020-08-01 20:00:02.000,00:08:03,Normal,336783131,4963826,138239
YQDDm9HLkV4,I Adopted EVERY Dog In A Dog Shelter,2020-07-23 20:00:11.000,00:16:04,Normal,282932867,5008388,206962
oI6aXhowFDY,"Get Every Boy Scout Badge, Win $10,000",2020-01-25 21:00:01.000,00:13:38,Normal,131543968,2314568,45750
fY-LA3YaZ_M,"How I Gained 15,000,000 Subscribers In 1 Year",2020-01-03 21:10:01.000,00:06:34,Normal,19794306,894977,39567
"0hVZOJCYBBM",Important Youtube Announcement (please watch),2019-12-28 21:00:06.000,00:02:35,Normal,39732899,2412734,124789
Z9WQy9jEY8M,"Giving 10,000 Presents To Kids For Christmas",2019-12-23 21:00:04.000,00:13:48,Normal,83190989,3160298,170269
bs0SWXbty18,"Spending $1,000,000 In 24 Hours",2019-12-21 21:00:01.000,00:15:10,Normal,210758597,4892214,127525
yeqARWqjkps,"Last To Take Hand Off $1,000,000 Keeps It",2019-12-19 21:00:12.000,00:15:17,Normal,152612261,3454391,295319
wMuYiLby3-s,"Last To Stop Riding Bike Wins $1,000,000 (Part 4)",2019-12-14 20:59:57.000,00:11:45,Normal,68997224,1505543,91409
NbaWrbJDr48,"Last To Leave Toilet Wins $1,000,000 (Part 3)",2019-12-07 21:11:07.000,00:15:46,Normal,105171579,1963859,48630
sfv1QaRzJg8,I Ordered Pizza And Tipped The House,2019-12-05 21:00:02.000,00:12:50,Normal,164830357,4442888,105579
X1jMMFOqxEw,"$50,000 Game Of Extreme Hide And Seek - Challenge",2019-11-28 21:00:01.000,00:13:48,Normal,170453852,3125008,50993
ORUX1lHbOa8,I Opened A FREE BANK,2019-11-23 21:00:17.000,00:10:52,Normal,129782042,3050749,94072
LU_xVr4b2qM,"Going Around A Ferris Wheel 1,000 Times Straight",2019-11-16 21:00:47.000,00:12:56,Normal,135600412,2639276,49845
"0DaMUhgcAqo",Destroying My Friend's Car And Surprising Him With A New One,2019-08-10 20:00:00.000,00:14:43,Normal,116208079,2869114,60994
tQ4m4zD7BBA,"Last To Fall Wins $1,000,000 (Part 1)",2019-11-14 21:00:31.000,00:16:57,Normal,170248242,3170737,56587
D9lVNzyhYnc,Surviving 24 Hours Straight In The Bermuda Triangle,2019-11-09 21:00:55.000,00:11:41,Normal,272906915,4518009,100403
"59AYXzCa-Cs",I Built The World's Largest Lego Tower,2020-06-06 20:00:01.000,00:13:56,Normal,221943815,3658563,77039
OAbP-V6fEVc,I Broke Into A House,2020-06-25 20:00:00.000,00:14:02,Normal,211938533,3975929,197602
YSoJPA8-oHc,If You Click This Video I'll Give My Friend .001$,2020-05-23 21:01:02.000,00:17:21,Normal,229780358,7553648,169235
oBYbxw8f5OI,"Giving $1,000,000 Of Food To People In Need",2020-03-27 20:00:05.000,00:12:29,Normal,69827126,1952006,64543
AiGKBNGlzHo,I Ran A Marathon In The World's Largest Shoes,2020-03-21 20:00:02.000,00:13:49,Normal,189075666,3539008,70267
_mdKvblL_8s,"$70,000 Extreme Hide And Seek - Challenge",2020-03-13 20:00:04.000,00:17:21,Normal,162688950,2812664,66946
RCvnytndd9c,"Last To Leave VR Wins $20,000",2019-06-08 20:00:01.000,00:14:18,Normal,170519715,3294039,93765
AA-VpIj8F5Y,"Last To Stop Running Wins $20,000",2019-06-06 20:00:00.000,00:14:58,Normal,124766122,2392174,65728
fWcSBWadolA,"Paying People $10,000 To Eat Ghost Pepper",2019-06-01 20:05:01.000,00:14:46,Normal,40996022,1115047,34510
YyhKdOCwD7s,"24 Hours In The Most Haunted Place On Earth",2019-05-30 20:07:01.000,00:15:07,Normal,156845717,3165501,139600
xRwy_rKc7gI,"Last To Leave World's Largest Bowl Of Cereal Wins $10,000",2019-05-15 21:05:01.000,00:15:42,Normal,268999664,3529623,87491
"9-HphHIJS9c","How I Gave Away $1,000,000",2018-12-25 21:05:01.000,00:15:14,Normal,14578066,487494,33582
QapO3maXd9k,Donating $10000 To Pewdiepie,2018-12-16 21:05:02.000,00:15:15,Normal,47436925,1723625,48971
"984NGLLYDUg","20,000 Magnets Vs A Car",2019-01-14 22:05:00.000,00:12:03,Normal,34520136,768209,23362
xBP9EUQIkNs,"You Pick The Right Cup, You Win $100,000!",2018-10-28 20:06:01.000,00:17:35,Normal,36326645,972319,35219
qZNxvnQv0h4,I Bought Every Billboard In My City For This,2018-10-26 21:06:02.000,00:15:31,Normal,38875502,1310795,104856
uE6gud1voDs,"Ordering Water Then Tipping $30,000",2018-10-23 20:11:02.000,00:11:45,Normal,46498758,1206580,46308
VqnQ-0q2gb4,Destroyed Friend's House And Bought Him A New One,2018-11-24 21:06:01.000,00:14:38,Normal,43986203,1128078,67656
"71VpdDb8e6U","Last Youtuber To Leave Wins $100,000 - Challenge",2018-12-12 21:00:02.000,00:24:39,Normal,106924009,2160883,94362
Gz3yak1cl-8,"Last To Leave Circle Wins $10,000 - Challenge",2018-10-12 22:05:04.000,00:16:36,Normal,99216936,1679127,58948
"9GD6hbqu2oM",I Spent 24 Hours Straight In Slime,2018-10-09 20:05:02.000,00:14:38,Normal,44190795,933865,32622
GUWGsIVEMSQ,"Surprising Tfue With $10,000 Live - Fortnite",2018-10-04 20:07:01.000,00:15:23,Normal,75768552,1539319,47093
bFZdU9dr4OM,Rocket League In Real Life!,2018-09-01 21:08:58.000,00:12:55,Normal,28841845,539364,16081
"6_im_hGxGRk",Spending 24 Hours Straight Under Water Challenge,2018-08-24 22:09:00.000,00:15:11,Normal,146194974,3574468,105429
Su34c5Z8DW4,I Put Millions Of Pennies In My Friends Backyard,2018-12-08 21:05:02.000,00:14:41,Normal,190561904,2854045,64198
b91vrgVY-ZQ,"Attempting The Impossible Maze - $10,000 Challenge",2018-08-15 21:08:59.000,00:19:47,Normal,57161120,1005958,32056
f0M64XpmTz8,"I Spent $50,000 On Lottery Tickets And Won ____",2018-10-19 21:05:02.000,00:16:54,Normal,31440716,744909,33191
e5DqdX-7_g4,Surprising TFue With A Fortnite Battle Bus In Real Life,2018-12-07 22:11:00.000,00:14:25,Normal,103394277,1888066,62914
sESRuTyfsEk,I Spent 24 Hours Straight In Prison - Challenge,2018-12-19 21:05:02.000,00:13:01,Normal,120221047,2119551,73863
wDqJZ_2ZA3A,"I Spent $30,000 On Lottery Tickets And Won ____",2018-09-28 21:05:00.000,00:15:34,Normal,17389209,425563,21548
RywkkwO78m8,Flat Earth PROVEN By Independent Research,2018-09-22 20:05:01.000,00:11:52,Normal,29044088,793838,133155
"52ubXjlVzUY","Donating $100,000 To A Random Fortnite Streamer",2018-08-05 22:00:00.000,00:22:57,Normal,53753830,1112982,50409
XHb7g6yuGgE,Moving 10 Pounds Using ONLY Sound,2018-08-02 21:09:00.000,00:13:46,Normal,45954383,1209182,49630
rH1D_3G56DY,Returning Destroyed Rental Cars Prank,2018-07-27 21:09:00.000,00:10:30,Normal,37480904,620987,17383
-0zoWMSEOGg,"I Gave My 6,000,000th Subscriber 6,000,000 ____",2018-07-25 21:11:00.000,00:18:33,Normal,17755024,393796,31968
"3TflpIllQHY",I Put 100 Million Orbeez In My Friend's Backyard,2018-11-22 21:08:01.000,00:14:45,Normal,255140826,5492728,143683
"1SwVSTKFCsc","Spending $40,000 In One Hour Challenge",2018-11-17 21:06:02.000,00:14:03,Normal,45018012,930139,54324
xhIYirjB4Yc,"Giving $10,000 To Random People And Saying Nothing",2019-04-30 20:00:06.000,00:15:59,Normal,83896300,1855468,49525
WRzIuC2MKOU,"Can 1,000 Fans At Max Speed Push A Car?",2018-07-17 21:41:02.000,00:11:53,Normal,28834775,619148,36442
ZPuEUe_8SRM,"Giving My 10,000,000th Subscriber 10,000,000 ___",2018-11-13 21:05:04.000,00:18:19,Normal,29918647,813801,32020
gKVZz4kcuns,"$10,000 Games Of Rock Paper Scissors",2018-11-04 21:05:02.000,00:12:52,Normal,18670274,511677,24962
nywT2SenPIo,"Last To Remove Hand, Gets Lamborghini Challenge",2018-11-02 20:05:01.000,00:19:45,Normal,97880068,1719906,73494
nd-bwvNB7YA,Destroying My Friend's Car And Surprising Him With A New One - Slime,2018-08-28 22:08:59.000,00:16:11,Normal,122484782,2498278,66963
"7zi0bi-RDj4","Eating A $10,000 Golden Steak (24k Gold)",2019-01-11 22:05:00.000,00:16:30,Normal,165257708,2452953,89144
"9vB-48kHbBU",I Built A Giant House Using Only Legos,2018-12-02 20:05:01.000,00:13:49,Normal,65371909,1033376,48536
"3ix_gbcubTo","Last To Leave Slime Pit Wins $20,000 - Challenge",2018-11-30 21:11:01.000,00:17:50,Normal,152517214,2422597,73179
XaxhLbxZ13k,Last To Take Hand Off House Keeps It!,2019-01-08 21:05:00.000,00:17:30,Normal,103234903,1687976,44302
HfJMs4mrSJM,Molten Lava Vs Giant Ice Block Experiment,2019-04-27 20:00:02.000,00:07:38,Normal,101051097,1856884,41051
tYHTVjfShOA,"Anything You Can Carry, I'll Pay For Challenge",2019-04-20 20:00:03.000,00:15:09,Normal,94854043,1796289,90277
JTQcIR2ZxU4,Homeless Man Buys A Lamborghini,2019-04-18 20:05:00.000,00:14:20,Normal,206195617,4391733,81151
mGIpOtncmSM,"Saying Pewdiepie 100,000 Times",2018-11-25 21:07:01.000,11:48:40,Normal,26753619,1686370,166282
xpNeg0hPZIs,Playing Battleship With Real Ships,2019-04-06 20:05:58.000,00:15:32,Normal,38539269,1009667,34288
P4qWhSZ7_WA,Things That SHOULDN'T Be Sold On Amazon,2018-09-21 22:06:01.000,00:14:06,Normal,153003856,2297134,55682
UlUcwJc5nBs,"Surprising My 8,000,000th Subscriber With 8,000,000 ___",2018-09-19 20:05:01.000,00:18:52,Normal,37455331,584052,18288
qAW6CE7_bFM,"I Donated $25,000 To Random Kids Streaming Fortnite",2018-09-14 20:09:01.000,00:17:37,Normal,66437564,1325452,39643
tBEBc4KQVsU,I Hope This Magic Trick Works,2018-09-11 21:13:59.000,00:16:22,Normal,43724709,715049,18758
L8nh1wuXTbI,"I Gave Him One Hour To Spend $100,000!",2019-01-01 21:05:01.000,00:13:45,Normal,83894583,1650416,68147
Izmibu7dxcs,Destroying My Friend's Car And Surprising Him With A New One,2018-04-13 22:21:00.000,00:15:12,Normal,39356955,626396,35445
"2Pvt8awds44",Walking Up To Random People With 100 StormTroopers,2018-04-11 22:09:01.000,00:10:04,Normal,20278221,501687,38019
n9BbAfbsyj0,"I Donated $10,000 If They Said This Word (Twitch Streamers)",2018-04-04 22:19:00.000,00:13:05,Normal,20152030,553828,21730
CWK6an4mYL0,"I Tipped Waitresses $20,000",2018-03-30 21:09:03.000,00:12:24,Normal,15027871,355336,19435
VwWV4JelEzY,Walking Into Random Stores With 100 Dinosaurs,2018-03-22 22:43:02.000,00:10:12,Normal,33862756,894569,44155
Pe3pGsCeYXg,"Giving 3,000,000 Pennies To My 3,000,000th Subscriber",2018-02-22 23:14:03.000,00:10:10,Normal,8880419,235211,21740
"3iaDrpKdaIc",I Ubered Random People In A Tank,2018-07-11 21:16:00.000,00:10:04,Normal,30270475,861002,42900
wMn8d7IeCYM,"Saying ""Keep Net Neutrality"" For 10 Hours",2017-12-17 20:37:34.000,10:00:02,Normal,2454745,84903,9757
BMZP4CtphaU,Life Hacks You Need To Know,2017-12-08 22:49:10.000,00:06:50,Normal,7410716,201127,10583
ln9aLVd__8w,"Can 100,000 Pieces Of Paper Stop A Bullet?",2017-12-06 22:46:59.000,00:12:39,Normal,26035665,480499,55906
"93s1JECSy60","Giving My Mom $100,000 (Proudest Day Of My Life)",2017-12-02 21:10:08.000,00:11:08,Normal,32602657,1548345,44832
MC5h-ShR-S8,"We Drove 3,000 Miles For The World's Best Burger",2018-06-09 21:13:59.000,00:13:49,Normal,55310451,1222553,93625
dp8IaLrZpGs,"I Gave My 5,000,000th Subscriber 5,000,000 ______",2018-06-08 22:36:59.000,00:11:31,Normal,11373533,292253,18908
"97Gh93Daio0",I Made Money Grow On Trees,2018-06-01 22:09:00.000,00:10:34,Normal,17394108,429382,35869
ehEuczQUh8E,Pulling Cars Over Using A Toy Police Car,2018-05-13 21:10:01.000,00:13:17,Normal,24806542,541547,18399
uBC7805Smsg,"I Gave $500,000 To Random People",2018-05-11 22:40:59.000,00:15:03,Normal,15256110,452497,30501
YR6Wh2Zy9jE,"2,256 Miles In One Uber Ride (World Record)",2017-10-28 22:30:00.000,00:10:08,Normal,43959485,1112226,42333
vETSAZgfDP4,I Flew Using Only Balloons AND Leaf Blowers,2018-04-23 22:09:02.000,00:11:18,Normal,32855986,651065,44274
t4OumncEiKo,I Took Apart My Friends Car And Put It In His Room,2018-05-25 22:41:59.000,00:10:16,Normal,15963683,316163,12160
"5PCxQSMOl3o",i'm really sorry,2017-10-26 21:30:00.000,00:03:11,Normal,5973687,204224,10034
"5qzAVMe_SnM",Hi Me In Two Years (Made Two Years Ago),2017-10-04 21:30:00.000,00:01:50,Normal,13820238,599385,38127
d8pJkuSp1iI,How Many Toy Cars Does It Take To Pull A Real Car?,2018-05-04 22:08:58.000,00:11:48,Normal,41395644,759688,26522
dFr5YQaQQdo,"I Gave $20,000 To People From An Ice Cream Truck",2018-05-02 22:11:00.000,00:13:42,Normal,14820927,346474,20929
d7QmQtNwhcU,"Can 1,000 Rolls Of Duct Tape Stop A Car??",2018-04-30 22:09:00.000,00:10:23,Normal,27016377,544852,24274
zAAXW7ySu1k,"Tipping Uber Drivers $10,000",2017-08-30 22:40:02.000,00:11:14,Normal,4675173,127761,7985
sx5k8xd_VoU,Going To The Connor McGregor fight!,2017-08-28 20:31:04.000,00:05:42,Normal,6140529,229323,11039
uotb9ZHnI2g,"Tipping Pizza Delivery Guys $10,000",2017-08-23 21:44:24.000,00:10:27,Normal,23185054,699708,39602
_FX6rml2Yjs,"Saying Logan Paul 100,000 Times",2017-08-19 14:00:58.000,17:06:07,Normal,23736580,930253,108284
kupaqq-xJ_8,"Donating $10,000 To Random Twitch Streamers",2017-08-15 19:20:09.000,00:14:42,Normal,10885575,226329,17576
Er6QUQZbv0w,Breaking The Law,2017-07-09 21:20:50.000,00:03:56,Normal,32247831,831454,33531
"4KVmSG6KS2k","Giving Homeless People $1,000 (Not Clickbait)",2017-06-28 22:00:02.000,00:08:47,Normal,6682138,229194,18781
Lx9fRu5ehFo,We Are Better Than Dude Perfect,2017-06-24 18:40:12.000,00:02:37,Normal,28286461,666327,37527
KcsRxHwGz7A,Every Challenge I've Ever Done,2017-06-23 18:31:22.000,23:48:06,Normal,963109,29954,4532
ZJwX2jTXWwQ,Watching It's Everyday Bro For 10 Hours Straight,2017-06-17 21:06:02.000,10:00:11,Normal,28490089,824319,69597
N_GMakKf7G4,"Giving A Random Homeless Man $10,000",2017-06-15 23:10:02.000,00:10:02,Normal,11412412,565238,33663
"63gyUQ_JeOE",Toothpaste Life Hacks YOU SHOULD KNOW,2017-06-13 22:30:01.000,00:04:22,Normal,19794018,496456,15020
koRKIlRQj4g,I Built A Mansion Using Only Cardboard Boxes,2018-03-20 22:50:00.000,00:07:08,Normal,25943359,573428,23214
XKFKPQHdWRI,Breaking Glass Using Only Megaphones,2018-03-17 22:22:47.000,00:08:54,Normal,54425521,1401059,74142
yuGEB4ZZdUQ,Tying My Shoes In Every State (World Record),2018-03-16 22:09:02.000,00:15:10,Normal,18185029,452831,40763
sg_XFT4K3N4,"I Dropped $20,000 From A Drone",2018-03-08 00:13:02.000,00:11:45,Normal,7841645,248188,16981
szt8xabJoSo,"Donating $10,000 To Fortnite Streamers If They Win",2018-03-03 23:21:02.000,00:14:31,Normal,11393759,273325,15600
yzGmnjDFuZE,"I Donated $30,000 To My Favorite Twitch Streamer (ninja)",2018-02-21 23:19:01.000,00:11:17,Normal,36814434,857218,38264
op0N7axawJA,"I Gave $20,000 To Random Homeless People",2018-02-17 00:40:00.000,00:10:56,Normal,47742915,1302345,72173
l_huIWJBhJM,I Bought An Expensive Car Using Only $1 Bills,2018-02-13 23:10:01.000,00:10:29,Normal,37760264,1075216,35026
"7ALCsEyn3mg",I Bought The World's Most Expensive Apps ($10k),2018-02-08 23:35:00.000,00:10:19,Normal,27123234,758716,24663
CvMRiR4k49Y,We Delivered 100 Pizzas To Random Houses,2018-02-02 23:12:01.000,00:10:03,Normal,9227307,227738,10841
g2rbhIB-ITM,"I Donated $30,000 To A Random Twitch Streamer (world record)",2018-01-28 00:11:02.000,00:18:26,Normal,32935741,1051075,54289
nLpqZEAFnkE,I Bought A Car Using Only Pennies,2018-01-25 23:10:03.000,00:12:08,Normal,26665146,719139,38145
sirrTXiPFmw,I Bought One Snickers Bar From Every Walmart,2018-01-13 23:15:01.000,00:10:08,Normal,45143022,1117067,69207
nRkwuTOESCc,Donating Big Donations To Twitch Streamers!!!,2018-01-11 22:37:00.000,00:18:38,Normal,27804144,580180,35995
AS6WMS_Bemg,I Can't Believe I Found This Stuff On Amazon..,2017-12-22 23:19:10.000,00:07:08,Normal,31395452,1186979,23582
Fbl3E_XCQfA,Trying To Fly Using Only Leaf Blowers,2018-03-01 23:09:03.000,00:13:02,Normal,18464520,427539,28293
Ejou8aa5eZk,How Many Rubber Bands Does It Take To Snap A Safe?,2018-05-22 22:14:01.000,00:10:16,Normal,37442009,910454,43968
xBLxMfO3pDw,$10000 Ice Sculpture Vs Flame,2018-05-01 22:09:00.000,00:15:09,Normal,23957998,503002,29469
WZ2rYlVxt4g,"Giving My 4,000,000th Subscriber 4,000,000 Cookies",2018-04-02 22:09:01.000,00:10:41,Normal,13422488,341317,24029
XE9pUM9MEFA,I Built A Working Car Using Only LEGOS,2018-06-23 21:09:58.000,00:12:24,Normal,75396691,1643252,98535
wbzD04leeLI,Do Water Repellent Shoes Actually Work?,2018-06-22 22:11:00.000,00:11:38,Normal,132791739,2001214,63703
zE3FLbpu9-Q,"I Donated $40,000 To A Random Twitch Fortnite Streamer (world record)",2018-04-21 21:07:02.000,00:21:17,Normal,24627854,629792,28881
KO8B2kw_Jxs,I BOUGHT A 1000$ KEYBOARD,2016-10-25 21:06:50.000,00:06:21,Normal,1645471,38418,2783
jhYG5BStQSk,Hi Me In A Year (Scheduled Uploaded A Year Ago),2016-10-04 21:00:01.000,00:01:59,Normal,1838772,57845,4834
wTIPpjUgAFE,Epic New Gaming And Youtube Setup 2016,2016-09-30 22:32:04.000,00:05:00,Normal,428667,15249,918
PJyWmlWNor8,WHY DO THEY SELL THIS ON AMAZON?,2016-12-18 02:00:04.000,00:08:31,Normal,8867849,713896,12994
t1BWMa8btIw,I Mailed Myself IN A BOX & it REALLY WORKED! (Human Mail Challenge),2016-11-30 02:31:18.000,00:05:02,Normal,16559259,453648,15786
"2O8wta4FsD4",STUPIDEST PERSN ON EART (Really Dumb),2016-11-28 00:01:52.000,00:04:22,Normal,2538182,183115,12276
igVcy5dtN80,Grilling A Microwave Microwaving A Microwave Microwaving A Toaster Toasting An Iphone Watching Micro,2017-03-30 22:10:41.000,00:03:08,Normal,2168749,72666,4950
uAFGIQPWL54,Worst Reviews On Amazon #1 (Minecraft Edition),2016-06-26 21:24:27.000,00:02:07,Normal,722926,17281,1395
BKJy7BFP3Is,WHERE IS MY COOKIE?????,2016-04-24 21:31:29.000,00:02:42,Normal,131311,12502,1208
"5bCyFf8lSfk",Worst Thumbnails On Youtube #2 - Cringe,2016-04-10 22:00:00.000,00:02:13,Normal,296772,10284,550
vBp0bzVr09s,LISTENING TO OLD VOICEMAILS FOR THE FIRST TIME,2016-08-28 21:00:01.000,00:05:13,Normal,404452,12029,1056
dJCsc_Cq9i4,BEST WALMART TOILET PAPER FORT,2016-08-24 21:00:01.000,00:04:16,Normal,1482889,50686,2984
DbC9CauTXoM,THE WORST THINGS EVER TO EXIST,2016-11-19 00:40:47.000,00:04:40,Normal,3818663,326506,18067
bqpKlkPpT10,"100 LAYERS OF SARAN WRAP + TOILET PAPER!!",2016-08-23 21:01:56.000,00:07:43,Normal,3376468,139211,6759
dEOlvTqYUNo,#1 MOST INSANE MAGNET LIFE HACK EVER,2017-03-24 21:40:17.000,00:05:09,Normal,26315240,519121,17863
ntlG5XgYg4k,Microwaving A Microwave Microwaving A Toaster,2016-12-23 00:00:04.000,00:14:17,Normal,4988324,89504,14917
KzwTYZ2W3ZA,Microwaving A Microwave,2016-12-09 02:45:18.000,00:09:05,Normal,11904004,438993,41104
"9CVwXBYVqVk","Counting To 200,000 (Road To A Mil)",2017-02-18 00:00:03.000,23:34:38,Normal,4140810,156281,19161
i8pmk5xnO2s,Microwaving Dry Ice (Microwave Explodes),2017-02-09 22:29:35.000,00:05:56,Normal,3362258,96567,5634
dSDBr0WjrwQ,"Reading The Entire Bee Movie Script But Everytime They Say ""Bee"" I Repeat All the Previous Bees",2016-11-25 01:43:37.000,01:30:59,Normal,11026950,215595,11790
TIIU1ivhLKs,WORST REVIEWS ON AMAZON #4 *FUNNY*,2016-08-21 21:17:07.000,00:03:23,Normal,1661273,124065,3550
yhNcDBnQsEY,BLOWING UP $1000 KEYBOARD *RIP WALLET*,2016-11-11 23:02:10.000,00:05:00,Normal,3891016,225167,4879
AXjdI_LHWJU,GAMBLING MONEY WITH SCRATCH OFF TICKETS,2016-08-26 22:30:01.000,00:07:56,Normal,3106811,59732,3399
NEDPgQYhbqs,IF ONLINE ADS WERE REAL,2016-10-16 20:30:00.000,00:04:36,Normal,9906521,575511,17617
G4qOiwIE_o0,HOW MUCH MONEY DO YOUTUBERS MAKE?,2016-08-14 20:20:03.000,00:03:25,Normal,3156876,151486,5447
yozl6enFC-w,THE WORST SONG ON YOUTUBE *CRINGE*,2016-08-08 20:00:02.000,00:04:08,Normal,853125,42146,6642
DpIvW6av0pI,IT FINALLY CAME IN THE MAIL,2016-10-10 21:05:39.000,00:05:03,Normal,368714,12170,1323
LP_mGU3CgXk,SURPRISING MY BROTHER WITH A LAPTOP,2016-08-07 19:35:12.000,00:02:56,Normal,1941328,127430,4538
e-If_d_bzfI,POKEMON GO STEREOTYPES,2016-07-14 17:36:53.000,00:03:27,Normal,2331728,64650,2726
"5J6-5g2alp8","100,000 SUBSCRIBERS.EXE",2016-07-08 20:00:00.000,00:04:26,Normal,1560315,82206,7629
TLoDwqQF5ug,BLOWING UP MY TABLET,2016-07-01 20:30:01.000,00:02:32,Normal,187270,7683,1274
CHdy9wND1jo,REACTING TO MY OLD MINECRAFT VIDEOS (HORRIBLE),2016-06-19 20:36:36.000,00:08:43,Normal,1356143,35576,2736
"9LiS_3HEErU",HOW TO MAKE A GOOD INTRO FOR YOUTUBE,2016-06-14 20:51:19.000,00:03:04,Normal,193120,6165,1363
hRj5qNfkdO0,WORST BANNERS ON YOUTUBE #1,2016-06-13 21:13:33.000,00:03:36,Normal,688239,19095,3602
Fzh65vCyHWQ,"24 HOUR EXPLOSION GIVEAWAY! WIN GIFTCARDS",2016-09-05 22:31:58.000,00:00:02,Normal,857976,35496,4550
qjGNBluF6_I,WORST REVIEWS ON AMAZON #2 HOW IS THIS LEGAL?,2016-07-02 20:30:01.000,00:04:50,Normal,1207457,45885,5026
dDYP56hEYF0,OMG! INSANE CUP FORT,2017-03-14 22:40:01.000,00:04:11,Normal,4168377,96160,9232
pJSbLk-Iixc,Savage Level 9000,2017-03-08 23:10:06.000,00:01:50,Normal,7421836,321026,14884
ocruJKe2tFk,"50,000 Subscribers.exe",2016-06-11 21:01:16.000,00:03:35,Normal,613848,23504,3520
"8D3vI1615K4",Fidget Spinner Vs Face (Legit Had To Get Stitches),2017-05-02 23:30:00.000,00:07:07,Normal,44870599,1673420,88688
AS5CxLCWq-Q,Watching Dance Till You're Dead For 10 Hours,2017-03-21 22:40:12.000,10:00:01,Normal,55096629,2621678,
jtOalDNVrKM,I Can't Break My Strange Addiction,2017-03-19 21:45:07.000,00:04:45,Normal,1973442,95723,8803
YH1-fDzHHpo,we are number one but every one is a bad intro,2016-12-25 00:00:00.000,00:03:41,Normal,1995041,56239,8187
"9fa_JYTPZ2Y",IF YOU ONLY SEE ORANGE YOU'RE COLOR BLIND,2016-12-05 02:21:43.000,00:03:53,Normal,1848831,92677,7562
Wyyqz3OxB5c,MY $1000 KEYBOARD CHANGED MY LIFE,2016-11-03 21:32:53.000,00:03:33,Normal,13458476,352697,7766
VXmKt_1T0QM,Struggles Of Being A Youtuber,2016-04-19 21:30:01.000,00:03:14,Normal,160075,5764,1169
RPcXg2-0ejw,Bleach Bottle Flips (COP CALLED),2016-10-09 20:06:23.000,00:04:43,Normal,1250833,55310,3085
Qy17S3g8ZuY,HOW TO UNLOCK ANY IPHONE WITHOUT THE PASSCODE,2016-12-21 02:00:00.000,00:08:51,Normal,23179868,579853,33186
MgRMNzKknto,Dude Perfect 4.0 - We Are Totally Better,2016-06-06 21:01:41.000,00:03:33,Normal,441357,13087,1744
tqO3_AKC5Ks,CUTTING TABLE IN HALF WITH PLASTIC KNIVES,2016-06-04 20:31:28.000,00:04:05,Normal,3788138,166007,6899
"6XCUHLhdnEY",Reenacting Youtubers,2016-04-16 21:32:25.000,00:03:41,Normal,198367,7251,563
ttWTSskmxTA,Life Before And After Gamma (Insane) @GFuelEnergy,2016-04-13 23:08:34.000,00:02:41,Normal,64654,2488,712
DoIQMkoYSzw,"SELLING ORGANS FOR $1,000,000",2016-08-02 20:02:21.000,00:05:35,Normal,3630920,120402,7312
SaDDjW9Rw-M,WORST THUMBNAILS ON YOUTUBE #3,2016-06-21 20:01:20.000,00:03:04,Normal,945801,35333,1723
xWcldHxHFpo,"I Counted To 100,000!",2017-01-09 00:00:39.000,23:48:07,Normal,33749751,1541201,138587
fWhfOAuOqjY,Super Bowl Commercial 2016 Cost - How Much Does A Commercial Cost In 2016 Super Bowl?,2016-02-07 18:20:40.000,00:02:57,Normal,104828,2619,329
"9Ax56oRhcZc",Counting To 10000 In One Sitting,2016-02-01 00:27:55.000,03:29:41,Normal,68461982,709711,56961
-cWVrFABWHw,HOW TO MAKE A VIRAL PRANK VIDEO 100% LEGIT,2016-01-26 21:38:09.000,00:02:26,Normal,186870,6215,433
z7qtJAAV5d0,Is Obama Dead? Dumb Google Searches!,2016-01-24 00:21:47.000,00:05:24,Normal,234817,4738,292
"9pk-neTrDoM",How To Be MrBeast (Made By Really Old Subscriber),2016-01-23 19:46:56.000,00:05:21,Normal,76522,2952,287
JQscW6DfNZY,Should You Play Video Games?,2016-01-22 17:04:58.000,00:02:59,Normal,106146,4384,197
"9smE_EiKJ8Q",School Is A Waste Of Time,2016-01-21 22:45:37.000,00:02:54,Normal,140807,5899,743
hfaPkoXeYfU,Is Michael Bay My Dad????????,2016-01-18 21:46:21.000,00:01:42,Normal,83136,2458,251
u0hHxeWkB_o,Lottery Taxes - How Much Tax Is If You Win The Lottery,2016-01-16 19:25:35.000,00:03:40,Normal,140160,3683,254
"64WGWubQO3I",Motivation For Small Youtubers #3,2016-01-12 00:57:36.000,00:03:31,Normal,192450,9636,1215
QJUs6CSRCFU,Giving Away Two $15 Gift Cards (forgive me boyz),2016-01-10 23:32:03.000,00:03:11,Normal,64662,3230,591
Om4c4ilT_6g,Do Dislikes Matter On Youtube - Are Dislikes Bad Or Good?,2016-01-07 22:19:01.000,00:04:24,Normal,389116,23716,2011
GbOfxRfHdeg,How To Get Active Subscribers On Youtube? Tips 2016,2016-01-05 22:05:42.000,00:05:45,Normal,102563,4622,730
yzxYCRDcGDs,Reaction Channels Are Stupid??????? #JCTG,2016-01-05 01:49:06.000,00:03:14,Normal,82277,2261,437
PCakYf_PnT0,Goodbye Laptop,2016-01-01 23:49:09.000,00:02:16,Normal,176070,7067,617
"8nv_ltg4RAg","2015 Year Highlights",2015-12-30 20:18:43.000,00:04:03,Normal,82672,2727,554
syMozMiJneM,Why I Stopped Playing Video Games - Video Game Commentary,2015-10-25 21:20:24.000,00:04:44,Normal,71249,1780,222
jRURlbRAUhI,Whats That Song Name?,2015-12-24 17:01:11.000,00:01:52,Normal,201139,7588,1440
I_3R9YGFlHE,The Anti-Beast,2015-12-23 23:51:22.000,00:02:39,Normal,1021242,31177,1801
xjJJ_wDlc1E,"Reacting To Family Accounts (MamaBeast, MrBeast'sLaptop, Etc)",2015-12-22 22:30:23.000,00:09:24,Normal,953049,20551,1946
"2Om2M4_Kyd0",FREE TO USE BO3 GAMEPLAY - 1080p,2015-11-03 01:58:07.000,00:02:45,Normal,64644,1974,263
XOtTKQujlkI,"How Many People Get The Golden Play Button? (1,000,000 Subscribers)",2015-11-28 00:45:38.000,00:03:00,Normal,171199,4041,586
ngVEpJs5A5s,Motivation For Small Youtubers #4 - Inspiration For Youtubers,2016-04-08 00:11:29.000,00:03:10,Normal,163178,7530,641
Wt6cMjn3YLg,YOUTUBE RED STEALS CONTENT CREATORS MONEY? What Is Youtube Red?,2015-10-21 23:13:36.000,00:05:26,Normal,65378,2442,210
JP3v6UxI124,How To Think Of Good Video Ideas (Tips),2015-12-26 17:38:52.000,00:06:13,Normal,140968,8466,575
W4gBpws7Ug8,YOU ONLY DO YOUTUBE FOR VIEWS,2015-10-29 21:12:15.000,00:05:34,Normal,91727,3642,290
g0IrVKXIbmE,PSYCHO FRIEND SMASHES MY LAPTOP! (Mc Juggernuggets Parody),2015-11-06 00:07:37.000,00:01:32,Normal,339539,12065,912
"4cX-w-ia0RU",Why Do Youtubers Ask For Likes?,2016-03-27 21:50:19.000,00:03:21,Normal,183262,12083,670
NT3EkjxO8hs,"10,000 QNA With MUM",2015-10-29 00:21:29.000,00:03:55,Normal,360335,14842,1906
KaaEivIqX6M,Double Agent (Short Film),2015-11-01 14:33:38.000,00:07:50,Normal,186614,6491,492
"8TFq_vvO_Wg",MrBeast6000's First Video (So Bad lol),2015-11-19 21:29:40.000,00:03:07,Normal,14241524,532310,34711
fG1N5kzeAhM,Dear Future Me (Scheduled Uploaded 6 Months Ago),2016-04-04 19:30:01.000,00:02:25,Normal,2560169,138925,12809
LHtkve6-O0g,NBA Interviews Gone Wrong (No Gun Pulled),2016-02-20 14:56:51.000,00:02:34,Normal,74984,2072,158
dfcPUqiivDY,GIVING AWAY $100 ITUNES GIFT CARDS,2016-04-01 20:45:18.000,00:02:10,Normal,170750,4782,490
m3Ol8zn7brk,Movie Trailers Be Like,2016-02-15 18:31:34.000,00:01:42,Normal,123233,4658,277
OEuS7fjMlMc,Millions Of Views!,2015-10-18 23:15:40.000,00:03:47,Normal,1208638,35674,2536
"1Pr-R2nKTY4","How To Get 1,000 Subscribers On Youtube - Vlogs Gaming",2015-10-15 20:12:22.000,00:02:59,Normal,103599,4478,517
sKn8Tbp2a-4,"Shark Tank Most Successful Products, Entrepreneurs, Or Businesses 2015",2015-11-08 19:33:42.000,00:04:54,Normal,152392,1401,191
k9zko79_3_I,Who Founded Faze? Who Created Faze Clan?,2016-03-18 00:23:07.000,00:05:25,Normal,2067598,72895,3752
VvphlSvCyj8,MrBeast Rest In Pepperoni 6000,2015-12-27 20:15:59.000,00:03:04,Normal,230552,5934,455
cqirhwhq_qM,Do Youtubers Pay Taxes????? (USA),2015-12-19 19:21:52.000,00:06:31,Normal,121229,4631,423
"4YHnf3YepwU",Totally 100% Real Epic Ping Pong Trickshots,2015-12-11 22:00:01.000,00:01:21,Normal,110244,4548,310
uxzBq4Y_fNw,Exams Be Like,2015-12-10 00:15:18.000,00:03:54,Normal,568974,15760,1241
HIhUkvAG0o4,How Many People Have A Silver Play Button????,2015-12-08 22:22:47.000,00:03:33,Normal,532309,13926,844
cpI5lCaqZcQ,How To Get More Views And Subscribers On Youtube (2016),2015-12-03 21:00:00.000,00:03:12,Normal,82250,3574,331
"6zQhLOw1nw8",Should You Do COD Commentaries In 2016????,2015-12-02 23:51:26.000,00:03:47,Normal,64719,1489,290
mfvi_jgdVqE,THINGS I HATE #1,2015-12-02 01:20:16.000,00:03:40,Normal,518818,16326,1703
zExxMxcoJ6A,Worst MrBeast6000 Intros?? (Fan Made!),2015-11-30 21:38:00.000,00:02:13,Normal,502026,13433,1609
hD_Af6W2qug,Dear Razer Can I Have My 70$ Back?????,2015-11-29 21:10:16.000,00:02:59,Normal,7619162,347671,24361
oo8ve4Ldpck,The Evolution Of My Youtube Banners,2015-11-18 21:16:57.000,00:00:59,Short,81772,2550,403
rS2sntC-lJI,Dude Perfect 3.0 - We Are Better,2016-04-04 21:30:00.000,00:03:13,Normal,743080,21471,1836
vT_gRRMjDi0,$100 GIVEAWAY PRANK (NO WEAPONS INVOLVED),2016-04-03 21:00:00.000,00:04:51,Normal,74804,1934,247
fYnPyLfxSJg,Subscriber Goals For 2017,2016-03-09 23:35:32.000,00:03:54,Normal,89950,2969,1344
dRqthQ2Mc_0,"Spam404 Has Terminated 5,000,000 Videos (Including Pewdiepie)",2015-11-26 17:36:51.000,00:02:23,Normal,119918,2767,289
"2nVjy-zd65Q",Making My Background More Epic,2016-03-26 21:00:00.000,00:03:28,Normal,64648,2643,371
xlzpD4GeBW0,Doing Youtube For Fun Or Views?,2016-03-23 23:51:29.000,00:03:45,Normal,64641,2699,313
"8ZTy3K2QgOY",Pranks That Went Horribly Wrong,2016-03-19 21:00:00.000,00:04:34,Normal,2188305,90223,2939
pBH_QL4JGcI,"20,000",2016-03-08 00:35:01.000,00:04:16,Normal,224994,6471,866
zCR6DJX7Kak,Walking Dead Daryl DIED (Fan Reaction To Death),2016-03-28 02:10:15.000,00:00:43,Short,188408,5178,535
VqhjiwmGNKA,WORST THUMBNAILS ON YOUTUBE,2016-02-28 20:48:25.000,00:02:36,Normal,638856,24837,1149
qBiZA4QDsj0,What Is Youtube Red? Should I Buy Youtube Red?,2016-02-10 23:42:47.000,00:04:39,Normal,116280,3924,344
NeOrh4GnPZ4,Things I Hate #2 - Youtube Edition,2016-02-09 01:26:28.000,00:04:21,Normal,183578,7778,1425
P2oPACr4uuU,Selling PS4 For $250 + Elgato For $100!,2015-09-16 22:26:34.000,00:02:38,Normal,64669,1827,336
h-D6ukDcS9o,Do Tags Do Anything On Youtube?????,2015-09-13 20:48:10.000,00:03:37,Normal,184736,6396,644
mY77HA20MzA,Bronze And Platinum Play Buttons?????,2015-09-13 00:23:55.000,00:04:23,Normal,1742511,33446,2730
"4krBgDFycgY","7k SUBS! Smashing Ghost + AW! Plus Channel Talk!",2015-09-09 21:48:18.000,00:04:58,Normal,100810,3317,377
dpUxRIqbNlc,Exility vs Dr.Pineapplez - Misleading Contest!,2015-09-08 22:06:36.000,00:04:18,Normal,64648,4659,914
Cp431S5z8PE,"6 Uses For Your Advanced Warfare Disk!",2015-09-07 20:40:56.000,00:01:05,Normal,64669,2279,442
ttLYXcza4j4,MrBeast’s Outro Song,2015-09-05 20:15:02.000,00:02:11,Normal,8789346,388910,18341
"3-f9DEFsh4w",Watching Video Games Is A Waste Of Time????,2015-09-05 16:14:19.000,00:04:03,Normal,64657,2084,435
TRiF8PdrIP8,MrBeast6000's Channel Trailer,2015-10-08 20:00:00.000,00:01:55,Normal,1690647,126856,12093
deK-My3Of0o,How Much Do T.V. Commercials Cost?????,2015-08-28 01:40:10.000,00:03:29,Normal,64657,1710,275
m8qGlpcfAIw,Xbox One Destroyer? COD Advertisement Is Free,2015-08-18 01:08:14.000,00:04:08,Normal,64792,1805,308
oODUkNQAzXU,"5$ To Advertise Your Youtube Channel???",2015-07-31 00:13:08.000,00:02:01,Normal,188355,3237,277
NUVglXbGBfs,Dogs Opinions On Youtubers Getting BO3 Early,2015-08-18 20:55:37.000,00:01:16,Normal,115445,3246,184
X9eXa-Uzuj0,My Favorite FaZe Clan Members?????,2015-08-26 10:00:00.000,00:03:54,Normal,66466,1860,225
GxTVDClFXuc,MrBeast6000Subs,2015-08-23 11:00:00.000,00:05:20,Normal,960170,58871,5213
-V3-fhJQZkk,Youtube Collabs? Collabbing with Mr.Beast?,2015-08-01 10:00:01.000,00:03:33,Normal,125492,2356,225
"9zFfp3gzZ88",I Hate Youtubers That Ask For Likes,2015-08-20 19:13:03.000,00:04:16,Normal,235910,11593,752
mM2KwBYa-u4,My Mom Found My Channel!! :0,2015-08-20 01:44:22.000,00:04:29,Normal,813090,26490,2518
WAcmsAISniQ,"1080p FREE TO USE BLACK OPS 3 GAMEPLAY",2015-08-19 21:35:16.000,00:02:23,Normal,90435,1967,183
oB8kFFvJdhE,How To Tweet When You're Dead! DEADSOCIAL Facebook And Instagram Also!,2015-08-27 10:00:01.000,00:04:29,Normal,64655,2062,492
kGaq-Qi9hoE,"Youtube Networking - Aka Fake Likes, Subs, And Comments",2015-08-21 20:04:55.000,00:04:28,Normal,79420,3265,816
QX0wvWGW2qg,Sacrifices And Youtube,2015-07-31 18:03:32.000,00:03:39,Normal,64662,2860,549
uZPkMnv8b-o,Modern Art Is A Joke,2015-08-15 10:00:01.000,00:02:56,Normal,73485,2033,162
qVLr6SMxvJw,"5 Steps To Becoming Successful On Youtube!",2015-08-14 10:00:03.000,00:03:13,Normal,98686,3822,410
"6T17licWsQ4",Leaving For 7 Days,2015-08-09 14:26:58.000,00:07:11,Normal,66011,1559,308
"2LIJtcI4dbg",Stupid Things People Search On Google,2015-09-25 22:57:49.000,00:05:17,Normal,1381950,72055,3995
rXnaD7PU9kY,"Ad Blocker For Chrome and Mobile, Should You Use It?",2015-09-23 23:54:06.000,00:05:15,Normal,94356,3282,496
"3LuchpUc7PU",Should I Buy An Elgato Game Capture??,2015-08-07 10:00:00.000,00:02:57,Normal,64669,2226,561
j7kM8G_AjuY,Airplane Pilots Last Words Before Death,2015-08-28 21:56:21.000,00:02:29,Normal,162904,2873,235
"1s6UOlWdpw4",Motivation For Youtube - Ultimate Small Youtuber Motivation #2,2015-08-08 22:15:43.000,00:03:29,Normal,220957,8015,757
RMoFUeBVefA,Beast $500ish Youtube PC Great For Making Videos!,2015-08-12 10:00:00.000,00:04:04,Normal,94912,1665,194
lfD7kMZKuNg,Big Channel's Starting Over???,2015-08-05 10:00:02.000,00:03:19,Normal,64652,1709,321
J590MYm0SY8,How I Will Survive The Zombie Apocalypse!,2015-08-31 22:11:06.000,00:06:01,Normal,245488,6872,735
M94G0iKYiSM,HONEST Shout Out Sunday! Free Subscribers!,2015-08-30 18:06:45.000,00:03:30,Normal,64655,1944,537
vGB2d5cQJpY,How Much Money Do Youtubers Make? Real Numbers!,2015-08-30 21:37:55.000,00:03:14,Normal,468560,12622,780
Pgxi8dsUW-o,Is Being A Youtuber Hard? Is Being A Youtuber Worth It?,2015-10-04 20:35:42.000,00:05:21,Normal,129665,4950,704
YY2-jJojnOA,Best Green Screen Lighting Ever? (Joking Obviously),2015-10-03 21:06:46.000,00:03:24,Normal,725113,15754,816
"7Pogam71094",How Do Youtubers Make Money? How Do Youtubers Get Paid?,2015-09-29 23:16:50.000,00:06:06,Normal,146396,4233,528
WwE0tR08OTU,Originality - A Youtube Poem By MrBeast6000,2015-09-26 23:04:34.000,00:01:48,Normal,65114,2291,321
Ng_qwlvhrJo,PC Master Race Vs Console Peasants,2015-09-21 23:40:01.000,00:01:59,Normal,65393,2438,269
"4AigP5OY8JE",Time,2015-08-13 10:00:00.000,00:02:02,Normal,105722,2341,291
"1UygJmcHUdQ",I Got Bored Of Studying So This Happened,2015-10-13 01:15:19.000,00:02:09,Normal,864145,23826,1158
ep7S1XnuQLU,"5,000 Hype",2015-08-11 10:00:00.000,00:03:05,Normal,175234,3665,573
g4DAFnZcCcQ,Best Microphone For Youtube (Gaming Commentaries Vocals Singing Podcast),2015-10-11 18:56:01.000,00:03:37,Normal,64729,2112,370
bzIPun3cVsw,Shia Labeouf Motivates Youtubers!,2015-09-19 22:53:26.000,00:01:28,Normal,462963,12117,690
NFZ_MtTvwm0,Best Non-Copyrighted Songs For Videos! (Intros Vlogs Gaming Trailers) 2016,2015-10-05 22:41:22.000,00:02:59,Normal,97455,2754,284
DL0OPJ2hahc,Increase Youtube Views 2015! COMMUNITY CHANNELS - Boosting Youtube Views,2015-09-27 21:04:03.000,00:03:52,Normal,64650,1896,314
ejlkNGm82w4,SAT And Some Random Stuff,2015-08-04 22:14:13.000,00:03:26,Normal,64660,1851,694
T-v4b3WtPAg,BO3,2015-08-18 17:07:49.000,00:03:41,Normal,1578383,38530,2734
LTr8cXAxy1I,"9k Subs - Channel Talk",2015-10-10 17:20:05.000,00:04:35,Normal,134253,4313,896
Ow3xqv7ahXo,How Much Money Does Bill Gates Make / Have - Billionaire,2015-10-09 22:27:01.000,00:04:04,Normal,160851,4421,365
miKQkeq5sbU,Knives In Video Games Cost More Than Real Life????,2015-09-18 23:57:02.000,00:03:43,Normal,72453,2259,281
ZqzFRGH_tMQ,Always Changing My Name? Mr.Beast or MrBeast6000,2015-08-03 10:00:03.000,00:02:41,Normal,198165,4581,536
"94A-bsumX9A",How Much Youtube Money Do I Make???,2015-08-03 02:19:22.000,00:02:28,Normal,462976,10631,705
gYaxI_allkQ,Am I Ian From Smosh????,2015-08-02 19:09:03.000,00:02:18,Normal,1252522,14857,716
p6bzNpgbX8Y,What Is Crohns Disease?????,2015-08-10 10:00:01.000,00:04:21,Normal,323857,7653,629
Lwt_VThQIdM,"Why I Sold My PS4, Not A Gaming Channel???",2015-09-18 00:21:53.000,00:04:06,Normal,64665,2378,336
kqUT-s3a6tU,"Black Ops 3 First Impressions, My First Game",2015-08-19 02:44:52.000,00:03:41,Normal,64660,1818,435
Jtj9rUqlB1Y,How Many Youtubers Are Millionaires???,2015-08-04 00:18:58.000,00:02:49,Normal,134978,2076,266
pGYyUssWLTA,Social Media As A Job????,2015-08-29 18:20:31.000,00:03:09,Normal,64650,2322,534
XBe57FyB2xU,Why I deleted Today's First Upload,2015-07-16 17:03:16.000,00:01:55,Normal,69176,1613,204
zpCwHwWgbsI,What Is Spam404?????,2015-07-15 15:05:18.000,00:05:11,Normal,64661,1520,371
lh61MVUxJt0,The History Of Pewdiepie In 2 Minutes,2015-07-14 10:00:01.000,00:02:06,Normal,276866,7467,573
eBklqeeIu10,I Hate Spam On Youtube,2015-07-12 19:08:52.000,00:03:09,Normal,64641,2093,659
SgMydsOucFg,INSANE TRIPLE LEGENDARY SUPPLY DROP! BEST OPENING YET?,2015-07-11 20:08:50.000,00:03:29,Normal,64676,,385
jPm3hRiMKuU,Low Bridge Causes Dozen's Of Wrecks! 11-8 Bridge,2015-07-10 21:56:20.000,00:03:43,Normal,64692,2360,584
OweuuinkVZI,"3k HYPE",2015-07-10 18:05:46.000,00:03:23,Normal,172298,4831,686
"7Pr0HP-Trgk",How To Become A Gaming Youtuber! All You Need To Know!,2015-07-08 22:00:01.000,00:07:02,Normal,64658,2198,504
UEK0fYAqMss,My Solution For The Theft At The FaZe House - @FaZe_Rain @FaZeAdapt,2015-07-08 10:00:00.000,00:03:07,Normal,64652,1381,261
lRznKN2oPUc,"5 Popular Channels That Were Terminated",2015-07-07 22:00:00.000,00:05:00,Normal,141111,4541,1000
IDrS_TrjuK4,What Is Youtube Terms Of Service?????,2015-07-07 10:00:00.000,00:04:09,Normal,65572,1473,265
J1lhxfZtR3M,Do You Think You Will Be Famous?????,2015-07-06 22:00:01.000,00:03:44,Normal,164893,3380,647
b_o8cz0ZNdk,What Is Swatting? Why I hate It!,2015-07-05 18:08:37.000,00:04:19,Normal,106577,2499,249
v5J1Cycn3s8,How To Gain Youtube Success,2015-07-02 17:10:49.000,00:02:42,Normal,103606,3447,344
YJiqYG-Mylk,FaZe Members Reaction's To Joining Faze,2015-07-01 19:56:45.000,00:03:11,Normal,642913,14241,726
jGE1sUTeR5g,Battle of The Beasts Round 2 Winners!,2015-07-01 04:02:27.000,00:14:07,Normal,64678,1564,352
"0tZCQ25fsoI",Youtube In 10 Years?????,2015-06-30 16:31:29.000,00:03:06,Normal,1694859,115908,12937
N9jTogPwqVY,The Ultimate Motivation For Small Youtubers,2015-06-29 17:27:21.000,00:02:44,Normal,330887,16905,2030
yyJ7xEcENNI,How Much Does Pewdiepie Make?,2015-06-28 22:41:05.000,00:03:53,Normal,287312,3417,232
bEIK5ni_Pzs,How Many People Get The Diamond Play Button?????,2015-07-25 10:00:03.000,00:03:56,Normal,1829524,18596,2755
UCYefSGBP00,The Truth About Big Community Channels,2015-06-22 16:32:02.000,00:04:33,Normal,64655,2223,890
-mlok5iT3GE,My Top 5 Favorite Things At E3 2015,2015-06-18 17:18:38.000,00:02:30,Normal,64644,1908,485
X7doE4h6W64,Insane Gun Sync - 7 Hours To Make,2015-06-21 12:22:34.000,00:02:14,Normal,64698,2368,591
zsADECFHY8w,"4k Subscriber's! First Channel Story!",2015-07-30 01:56:38.000,00:05:14,Normal,121808,3343,430
Feh8o-HmthM,People Who Got Rich From Movie Trailers On Youtube,2015-07-29 19:00:00.000,00:03:26,Normal,111113,1728,228
hyt2t4r8lQ4,Battle Of The Beast Tournament UPDATE!,2015-06-18 23:25:47.000,00:02:32,Normal,64650,2050,706
"8-0ZHJHp9g4",Advanced Warfare DLC 4 Honest Parody,2015-07-29 00:37:21.000,00:02:37,Normal,64644,1742,421
zi7tZ-2PhLk,How Much Money Do You Make As An Uber Driver??????,2015-05-31 18:31:25.000,00:05:04,Normal,64668,1427,220
AIytwdufwW8,MY MESSAGE TO COD YOUTUBERS (Watch till end plz),2015-05-29 20:07:48.000,00:04:52,Normal,65025,1501,252
PRU47AuQF2M,"FaZe Adapt ""Stuttertage""",2015-07-20 17:49:03.000,00:04:44,Normal,142289,4257,458
Y3Rxgf5_R_I,The COD Community? Sleeping With Your Mom?,2015-07-19 17:37:51.000,00:03:03,Normal,64646,1991,513
QkXDatNdL4U,Free To Use Advanced Warfare Gameplay! 2015,2015-06-19 14:07:22.000,00:02:05,Normal,64659,1757,397
"7ytYV-tVIvg",How Did Notch Become A Billionaire? How Much Did Minecraft Sell For?????,2015-06-12 17:47:14.000,00:03:36,Normal,128644,2873,223
dvdGkRK5a_0,WORLD'S FIRST BLACK OPS 3 GUN SYNC!!,2015-06-22 01:19:49.000,00:01:21,Normal,78101,1749,170
ELIoOUKSOJQ,Top 10 Richest Gaming Youtubers?????,2015-06-11 16:42:11.000,00:04:05,Normal,296191,8283,560
STvOHHgJ1sQ,Battle Of The Beasts (youtubers needed),2015-06-17 20:58:19.000,00:03:03,Normal,64644,1586,375
"4DYBVA4884Y",SpiderMan Robs Walmart?????,2015-07-26 19:21:24.000,00:03:07,Normal,64689,1751,276
"3rJgCGMPEqA",Random Stuff You Don't Care About,2015-06-27 23:32:54.000,00:02:22,Normal,64651,2286,488
"7isfkomGg7o",Battle Of The Beast Round 1 Winners!,2015-06-23 19:49:57.000,00:09:13,Normal,64666,1611,263
TacjQmKCiZg,How Much Does Faze Rain's Giveaway Cost??????,2015-05-30 21:27:08.000,00:01:13,Normal,64662,1686,419
yWnmEPgLroQ,TWITCH STREAMERS REACT TO RECEIVING THOUSANDS FROM SAME GUY!,2015-07-13 10:00:01.000,00:07:32,Normal,227207,2300,268
-o_8CDbFMJ0,Paid Promotion On Youtube Good?,2015-07-03 19:26:09.000,00:07:19,Normal,67993,1297,184
QqIG0R-KpGk,World's Worst Thieves,2015-07-28 17:17:48.000,00:03:29,Normal,107049,2270,194
uAoayezOaug,Markiplier Is A Great Man! Sub shodleech!,2015-06-09 02:56:28.000,00:02:03,Normal,244353,2388,166
XR_q9_LEKuc,Supply Drop Challenge For Charity,2015-07-22 17:59:43.000,00:04:55,Normal,64664,2453,612
Vr2337tCLCI,Insane Advanced Warfare Hacker!,2015-06-07 22:58:31.000,00:02:14,Normal,64685,1963,393
NV7qmqbS8tM,"What Is Considered A ""Bad Video"" On Youtube????? #karnageRC",2015-06-07 21:38:42.000,00:04:12,Normal,86431,1632,187
U9c-ycvw02A,I Think I Am Going For The #KarnageRC,2015-06-05 15:21:50.000,00:03:52,Normal,64656,2044,578
GfgcVOuHLAo,Every FaZe Video Ever #karnageRC,2015-06-04 19:09:17.000,00:03:17,Normal,64687,1893,284
KLAI0c0Spog,Best Of FlipArtz - His Best Advanced Supply Drops EVER!,2015-05-29 17:06:25.000,00:10:40,Normal,140513,1520,128
UVin8WtE5eU,Summer Is Finally Here!,2015-05-28 21:46:37.000,00:02:26,Normal,70103,1290,265
i5dhcAxO25Q,Reddit Is In Chaos After Firing Victoria,2015-07-03 20:11:21.000,00:01:46,Normal,70382,1225,180
wNuxirsrwBk,Why Are Things Unbalanced In Video Games?????,2015-05-28 20:36:06.000,00:03:30,Normal,107141,1472,187
is1LSWbssuA,Best Thing To Happen To This Channel?????,2015-07-23 10:00:00.000,00:01:28,Normal,64692,1988,337
"6bxZpS0cm5o",New Channel?,2015-05-23 22:59:21.000,00:04:51,Normal,183666,4427,441
"6Xv-LVYZQxk",Beast Gaming Set Up #almost4k,2015-07-29 15:31:24.000,00:02:31,Normal,98657,2622,419
qENpZBzgaUM,VANOSSGAMING IS IN TROUBLE,2015-07-27 22:13:05.000,00:02:53,Normal,267286,4080,562
R6zuvKbvKyU,Exility And Some Other Stuff - Update Vid,2015-07-18 18:02:27.000,00:04:45,Normal,64687,11491,3343
yCKe65Nvp0Q,Every Minecraft Let's Play Ever In Under A Minute,2015-07-16 22:00:01.000,00:01:00,Normal,131216,3853,297
_oZyp4mTzSQ,Supply Drops For Charity! Ep #2,2015-07-24 10:00:00.000,00:05:02,Normal,64641,2365,1145
D1livXdFGkQ,Are Youtubers Millionaires?,2015-02-22 19:45:00.000,00:03:15,Normal,218715,3631,442
LDegY-H60_U,How much money does VanossGaming Make? 2016,2014-11-02 16:06:08.000,00:03:20,Normal,384034,4993,299
Rio7r_vLUEo,"20 Best Websites?????",2014-08-29 22:45:20.000,00:06:44,Normal,221807,3816,500
B_7uD3B62MM,Welcome To My Channel!,2014-08-18 00:01:52.000,00:00:28,Short,92222,2099,196
bA20RJcegOI,"1500",2014-08-08 18:58:18.000,00:02:23,Normal,348424,9550,1680
LYK6SPMtJ_Y,Youtube Grind,2014-06-28 21:06:46.000,00:03:20,Normal,134457,3146,232
E3CqKvlzl-I,Big Changes??? Idk just watch the stupid video,2015-05-18 21:29:43.000,00:06:34,Normal,64646,1854,415
"8E5Ygl02wtM","How Much Money Does ""Chris Smooth"" Make?????",2014-08-21 22:46:35.000,00:04:02,Normal,84860,1387,194
moMJjt5KECc,Money Problems,2014-08-20 17:40:18.000,00:04:02,Normal,328302,5530,430
zfDr05ax0gM,How Much Money Does DramaAlert Make????,2015-05-15 23:53:16.000,00:01:32,Normal,64644,1952,365
"56OkH6ocYZU",L0114R - Biblical Creeper Post for Post @L0114R,2015-05-15 16:48:54.000,00:01:28,Normal,64650,1306,255
w40Z8aT5fpQ,Why Do We Do Things That Are Bad For Us?????,2015-05-14 23:52:57.000,00:03:24,Normal,64647,1934,295
OffgqPzDi7Q,Vanoss vs Speedy! Who is better? Updated.,2014-08-20 01:57:30.000,00:03:45,Normal,64651,1689,389
prdSftLj9-g,How To Do A High School or College Paper!,2015-04-06 11:42:14.000,00:03:56,Normal,114603,2041,212
bB99NdUoxEQ,Why I Changed My Channel Name,2015-05-03 23:59:54.000,00:03:16,Normal,158264,3792,354
"7GjSaNi8Epg",How Overpriced Is Movie Popcorn?????,2015-05-03 18:39:15.000,00:02:40,Normal,64641,1649,329
DfonKqMENrg,Making Youtube a Priority,2015-04-01 23:58:35.000,00:03:16,Normal,71779,1836,226
MUQCwdkEbq0,Why I Was Not Uploading,2015-03-21 22:11:51.000,00:01:35,Normal,67011,1387,223
JlUzoQN9FWw,Youtubers Analytic's Explained,2015-03-06 01:07:06.000,00:03:37,Normal,69774,1575,175
bwp_3qLgWpQ,Magecraft - Epic Hit! 11k Troops killed.,2015-02-21 15:41:14.000,00:03:53,Normal,64647,1552,370
tZpnfF0-7Ls,Highest Paid Musicians????,2015-02-17 21:38:06.000,00:04:48,Normal,161990,2345,315
BwAMltY3-c0,Making Fun Of Youtuber's Intros.,2015-02-16 19:45:42.000,00:01:54,Normal,328336,7694,608
"7HBR3Ea72CY","10 Things You DIDN'T Know About Youtube!",2015-02-08 00:04:06.000,00:03:01,Normal,82720,1741,181
NbHwVDt9Rjk,How Much Money Does Yogscast Make????? 2016,2014-07-13 18:37:22.000,00:03:46,Normal,65370,1193,181
zgDezsMQyyU,How To Monetize Your Videos And Make Lots Of Youtube Money!!$$$,2015-05-10 20:59:50.000,00:10:23,Normal,64839,1749,333
Ds9H2UnUHL0,Quitting?,2015-02-06 22:27:38.000,00:03:46,Normal,147783,5021,684
VzsE09KjpKA,How Much Does WhiteBoy7thSt Make????? 2016,2014-07-11 21:52:50.000,00:03:27,Normal,360992,3113,237
HduubRTdko4,"How Much Does ""Epic Rap Battles"" Make?????",2014-07-10 23:05:51.000,00:03:20,Normal,64652,1671,261
qFOGv5zuTdw,How Much Money Does FaZe Make?????,2014-07-09 21:15:15.000,00:03:18,Normal,64664,1790,326
u6t4jrhs56Q,"Top Youtube ""ShoutOuts""",2014-07-09 00:07:05.000,00:06:05,Normal,64697,2096,384
"460GXJiGCEs",Youtube Dream,2014-07-08 00:17:34.000,00:04:31,Normal,86200,2436,624
ZiuoOcj2eLY,In Dis Video I Play Minecraft. (Factions),2014-07-05 15:57:13.000,00:08:49,Normal,65924,1812,213
"6BNOWeYFyP8",MageCraft - Beginners tutorial. (The app),2014-11-17 02:25:46.000,00:08:47,Normal,64925,1414,235
D51HaR-XvgM,Opening Old Basketball Cards! Ep. #1 (Michael Jordan Found),2014-10-21 02:19:05.000,00:04:27,Normal,220156,4373,348
UEwnitHoSDw,DIY $23.00 Mini Sound Booth? Does It Work?,2015-05-09 19:47:51.000,00:03:49,Normal,165927,2912,210
__SaaKSW9iE,Cut Coms vs Uncut Coms,2015-05-09 06:53:13.000,00:02:39,Normal,64662,1605,347
qWnyJ55KBKo,Minimum Wage,2015-05-07 23:27:32.000,00:01:59,Normal,84919,1750,186
"52awie9G00A",My New Channel Trailer ;),2015-05-07 01:27:48.000,00:01:17,Normal,70997,1794,217
"0VjLq-go1fg",How Much $$$ Does Every Member of FaZe Make COMBINED????? 2016,2015-03-05 02:07:01.000,00:03:57,Normal,114086,1744,316
uCIpW9zOmgI,Is Pewdiepie The #2 Youtuber?!?!?  :0,2015-03-04 01:53:50.000,00:03:55,Normal,102978,1865,326
Z0Poefgrs4w,How Much Money Does Smosh Make????? 2016,2015-03-03 01:14:27.000,00:02:47,Normal,87619,1473,225
MLN6TRB9Jxw,Who Are The Worst Youtubers?????,2015-03-01 12:00:00.000,00:03:36,Normal,301684,4433,435
vZrL_FFITgs,Subscriber Goals For 2016,2015-02-28 17:12:07.000,00:04:08,Normal,66070,1633,582
L7lGD_anC00,How Many People Do Youtube as a JOB?????,2015-02-26 02:07:13.000,00:02:54,Normal,66177,1571,238
iqUFeWAVp-0,How Much Money Does Markiplier Make????? 2016,2015-01-04 20:59:46.000,00:02:34,Normal,163001,2393,251
VWa0ImMY2bQ,Five Facts You Didn't Know About Youtube.,2014-12-01 22:00:05.000,00:04:21,Normal,116364,2273,254
fEcASr38n2E,Milestones And Plans For My Channel,2014-11-30 18:21:44.000,00:03:00,Normal,83319,1855,287
udmf5MQLNGA,How Much Money Did Gangnam Style Earn??? 2016,2014-11-26 22:53:11.000,00:02:24,Normal,117656,2123,253
"0dg2eR2NSQ0",Best League Player In The Universe.,2014-11-23 17:37:28.000,00:03:00,Normal,332852,17093,941
lrw3zkGS9Vc,Subscribers.,2014-03-08 03:52:13.000,00:03:00,Normal,124172,3349,1122
"7anhkLPRk-A",Google+ The Death Of Youtube?????,2013-11-13 22:09:21.000,00:02:43,Normal,161468,3645,429
Ms9MGkEm4mg,"Battle Pirates, All Sentinel Base.",2013-12-05 02:24:33.000,00:01:12,Normal,89224,2289,354
Qw3eFnsSdlQ,Best Hellstrike Build???? (Battle Pirates),2013-12-29 17:10:57.000,00:01:37,Normal,67231,2109,559
"90wWStXJX5c","Battle pirates, Lvl 58 Mercury Base Attack!",2013-12-05 01:06:00.000,00:01:16,Normal,126145,2663,368
EAwXH82m-6A,G2g Brb,2014-06-16 14:00:07.000,00:03:00,Normal,64661,1980,468
U_07AG_CR5A,Crazy Nub Tub Reactions! Bo2 Fun!,2014-06-13 22:44:22.000,00:03:40,Normal,64663,1888,427
Xe0AGtF5aNU,Fun In COD. - Insane Reactions Lol,2014-06-10 19:01:43.000,00:03:49,Normal,64662,1951,469
pP1KMQb51GA,OpTiC NaDeShOt Got Hack!!,2013-11-27 19:37:44.000,00:02:44,Normal,91933,2480,518
HuLAAXZXIy0,This Kid Should Quit COD....,2014-06-02 21:37:07.000,00:01:17,Normal,90538,1787,221
pV7UcYW1OwA,Computer vs Console My Perspective.,2014-06-02 18:08:34.000,00:03:26,Normal,121198,2516,359
x4IXCimma-s,"5 Youtubers I Think Will Be Famous...",2014-05-31 21:06:55.000,00:04:24,Normal,256318,6060,936
anZbhN0Wh_4,How Much Does PewDiePie Make????? 2016,2014-05-24 19:33:12.000,00:03:26,Normal,467496,6214,475
XVMY7B3AzWM,How Much Money Does PewDiePie Make?????,2013-11-12 03:18:18.000,00:05:32,Normal,933187,16051,1517
KcNCJ1mgt14,"Marauder Builds, Battle Pirates In Depth Builds.",2013-12-29 16:20:05.000,00:03:06,Normal,67305,2392,723
iOjxpow6jow,How Many Youtubers Are Millionaries?????,2014-02-26 23:52:57.000,00:04:04,Normal,554486,9457,1886
"3Q3pQmzWyZM",I Got Really Really Really Bored....,2014-05-24 16:37:13.000,00:00:52,Short,65946,1898,387
BqS4iVHa-LU,How Much Money Does Penguinz0 Make????? 2016,2014-05-16 23:53:55.000,00:02:55,Normal,104935,3272,370
zX04jQFKCpo,How Much Money Does CaptainSparkles Make????? 2016,2014-05-15 20:36:54.000,00:03:03,Normal,886568,8105,631
GdD2pqAdjXY,"Flappy Bird - Builders Showdown, Which is Better?",2014-02-23 22:29:21.000,00:01:25,Normal,130238,3397,453
nmHCmLVLxcU,New COD Zombies In 2014?????,2014-02-23 21:40:04.000,00:02:31,Normal,92386,2335,375
TZPlDuYrcDQ,Minecraft Mansion Timelapse,2014-02-22 23:51:15.000,00:05:02,Normal,637902,19949,2264
Oub4nMrNTqQ,Top 5 NON-COPYRIGHTED Songs!!!!!,2014-02-17 20:30:02.000,00:03:24,Normal,139175,3638,640
h5Z36IuyrKc,Vanoss vs Speedy! Which is better?,2014-02-16 20:13:22.000,00:03:07,Normal,126389,2827,929
"2IGxSOfsBok",I Hate Pewdiepie!!!!!,2014-02-01 00:16:57.000,00:02:06,Normal,3069224,224361,14471
ZxkLCq49Tvk,Does Spam Work?????,2014-01-20 23:41:17.000,00:04:15,Normal,520817,7759,776
smDPnIdlkhM,"100th VIDEO SPECIAL!",2014-01-20 01:17:01.000,00:04:44,Normal,500278,15129,1707
-rdYtmUejSE,Yup I is the best at the game.,2014-04-05 13:00:05.000,00:06:57,Normal,312983,5614,580
DjMYkWCEan8,The Vortex SMP Episode 1! Just Derping Around and Explaining Things.,2014-01-18 02:49:24.000,00:25:19,Normal,152121,3871,420
sfp0a6zDoNQ,"Battle Pirates, lvl 66 vs Missile Cruiser x Fleet!",2013-12-17 18:56:41.000,00:01:24,Normal,85322,2124,311
ruSVy-u2DzM,"Battle Pirates, Stingray vs Mercury Epic Battle!",2013-12-05 00:00:24.000,00:01:06,Normal,87844,2576,513
A4lp4FRCo6o,"Battle pirates, How To Auto Lvl 40 Salvages.",2013-12-29 00:32:15.000,00:01:18,Normal,70880,2153,459
hHl_YMivv3c,"Battle Pirates, my base.",2013-12-31 14:48:55.000,00:02:56,Normal,96199,2123,344
"7mLSbgyjM0g","Battle Pirates, Hellstrike Base attack.",2013-12-29 22:22:57.000,00:02:52,Normal,83867,2074,333
TGKkMl17Htg,"Battle Pirates, Unstoppable Ship!",2013-12-29 21:05:08.000,00:02:13,Normal,67379,2416,753
G7Y9ban7b0U,How Much Money Does Tobuscus Make?????,2014-05-14 23:06:58.000,00:02:22,Normal,82795,1574,243
EMVvA5Cr0fY,COD IS NOT DEAD,2014-05-08 02:19:42.000,00:03:22,Normal,88600,2406,313
e14MroQ5k_s,Storm,2014-04-30 20:31:15.000,00:03:01,Normal,295779,8321,944
"3nn_skHgkqI",Has Youtube Met Its Match?????,2014-01-12 01:25:53.000,00:02:44,Normal,123764,2486,297
A8IkOqb_7Yg,How Much Money Does Pewdiepie Make????? (Updated 2015),2014-01-11 20:31:34.000,00:04:10,Normal,2148100,30542,2175
rSuuQ_s8gOw,How Much Money Does Tmartn Make?????,2014-06-21 18:43:51.000,00:02:37,Normal,64645,1880,399
vKKhX-Uyggw,How Much Money Does FaZe Rain Make?????,2014-06-18 14:00:09.000,00:03:35,Normal,76790,1526,177
CuzdxsOXEZ8,Hearthstone - All Beards Challenge!,2014-04-24 01:56:43.000,00:23:53,Normal,90811,1806,269
dg6iqLCPizs,Motivation,2014-04-17 01:22:40.000,00:02:54,Normal,105471,3441,288
p-KVD5rA_Cw,Why Google Does Not Care What We Think....,2013-11-17 01:40:48.000,00:03:00,Normal,505366,7903,813
JdCgkcb1iwQ,My First Kem Strike!,2013-11-16 19:48:55.000,00:04:29,Normal,101342,3458,743
"7dIFHQkrASM",This is a detailed break down of my favorite UU team... ENJOY!,2013-03-29 23:14:45.000,00:09:24,Normal,232688,9110,1083
QicO1Gd0kvU,Pokemon online battle #4 [uu] Same old team,2013-03-28 17:22:43.000,00:04:39,Normal,278088,,1149
j93M46a-W3U,I'm Back! Update Video....,2013-07-19 23:41:14.000,00:03:24,Normal,215377,7136,769
uqjfMNEWNIg,Minecraft Let's Play! Ep. 1. The Beginning!,2013-07-08 20:03:41.000,00:18:27,Normal,744039,25778,2670
M82VAcabSiA,Scary minecraft pig skin!,2013-01-13 16:53:17.000,00:00:29,Short,1192799,39029,3478
C82suucz4i4,Black ops 2 Gameplay w/ commentary. Hipsters,2013-07-03 17:48:10.000,00:04:21,Normal,391363,12588,932
pl4xmh3RWfE,Amazing minecraft Cathedral!,2013-04-21 01:36:32.000,00:00:58,Short,475241,15045,1337
"6z5RwrvnH28",Huge WW2 jeep! Minecraft creations.,2013-04-21 00:52:21.000,00:01:04,Normal,670462,19650,2093
QXag-irFHxE,Most Overpowered Guns In Ghost!,2013-11-11 20:11:15.000,00:02:40,Normal,134740,3987,393
ivdQqobHDPc,Story time!,2013-04-18 01:54:48.000,00:03:13,Normal,676885,21425,1689
yFfcsmK2TOA,Online pokemon battle #3 [uu] Ice punch,2013-03-27 19:57:08.000,00:03:25,Normal,229310,,1492
mVkT6Cd9SoI,Camping Montage.... LOL,2013-08-05 21:12:41.000,00:03:20,Normal,116737,3747,553
Jl0-6tbNGBo,Pokemon online battle #2 [uu] Herracross w/ Dat MOXIE BOOST,2013-03-26 16:58:32.000,00:02:49,Normal,337727,,1313
IAbX0FwX-GY,Why I Haven't Been Uploading,2013-03-25 20:10:38.000,00:06:03,Normal,906467,,1890
XKSJRulqDNA,Most Epic Thing In Minecraft!?!?!?!?!?!!?????,2013-03-10 22:19:14.000,00:04:33,Normal,485148,18608,1985
clcN3OA8SNw,Best Minecraft Castle Ever?,2013-01-27 01:52:40.000,00:03:42,Normal,447380,20420,2441
jysfHFHNjYQ,Epic minecraft apartment complex!,2013-01-27 18:25:46.000,00:00:53,Short,618241,24080,2486
Yox25V8Qsm4,Crazy Illulsions In Minecraft. (Bigre),2013-01-27 02:11:30.000,00:02:35,Normal,754240,25893,2739
Y74b7WlcEpk,More birds IN MINECRAFT!!,2013-01-12 23:35:45.000,00:02:06,Normal,1482906,51213,4194
m3lTwO0aNyw,How to get unlimited diamonds! minecraft (x-ray),2013-01-26 19:34:43.000,00:02:14,Normal,644989,25746,2441
"2XVcLrB7B3Y",Worst Minecraft Saw Trap Ever???,2012-02-20 22:42:32.000,00:02:37,Normal,34741050,1420223,160376
gchqnwXlxJw,Drinks in minecraft (mod),2013-01-26 16:26:34.000,00:00:43,Short,626803,,2085
RRknlgRqOds,Black ops 2 Invisible equipment and scorestreak glitch!,2013-07-21 18:26:36.000,00:02:27,Normal,197159,5854,637
IaR7P4-wFK8,"50k Video Views!!!! EpicSauce!",2013-09-08 22:20:48.000,00:01:43,Normal,297178,9438,839
atCPtw4dg7g,Emerald tool mod! (minecraft),2013-01-23 22:34:58.000,00:00:49,Short,608555,26470,2519
ctJORnOjbrQ,These Were The Good Days....,2013-09-05 02:14:46.000,00:00:52,Short,204486,4952,477
"3GNyw4uaAqU",Subscribe for an iPhone,2026-01-13 19:00:04.000,00:00:15,Short,1219353404,6766620,179428
Cs-kyTJso-A,Worlds Biggest Ball Of TNT Minecraft!  Challenge Video!,2013-08-09 23:45:05.000,00:01:45,Normal,674537,19753,1705
rffyxTTNkyk,Black Ops 2! Mini Update Video.,2013-08-05 02:55:37.000,00:03:55,Normal,113354,4338,884
sE3ZZmYotSs,Call of Duty Ghost Multiplier Reveal Trailer Release Date!,2013-07-30 20:51:42.000,00:03:50,Normal,137926,4396,618
"2bwPntvb90U",Buried Round 50 Gameplay! Black ops 2 Zombies.,2013-08-12 22:49:16.000,00:01:22,Normal,160218,4782,476
Z8nEEdXTaX0,Boxy item mod Minecraft.  EPIC,2013-01-12 22:34:11.000,00:01:30,Normal,1738083,60328,4689
v1ELS84GQu8,If This Video Gets One Million Views.....,2013-09-07 02:28:05.000,00:00:46,Short,13383213,1169735,71417
OOesLeO6-pc,Randomness,2013-08-02 22:16:42.000,00:05:18,Normal,113557,4532,907
Q5lcjP6XlHw,"203 Kill Game! Thanks For 300 Subscribers!",2013-08-01 19:36:50.000,00:04:26,Normal,181143,6406,1075
p5rGgPZtjDw,Top Subscribed To Channels? BO2 w/ commentary!,2013-07-28 20:50:09.000,00:05:39,Normal,140465,4909,839
"7qj3nuF9Dzw",Most Epic minecraft skin EVER  (Psy),2013-01-13 01:59:21.000,00:00:31,Short,1368713,46421,4024
-hrPQFaDVKQ,Channel Update.,2013-08-16 20:34:58.000,00:02:42,Normal,207898,5001,445
v3tbnlc5cfo,Battle Pirates!,2013-09-21 22:18:59.000,00:03:35,Normal,124529,4207,776
bWDmDsdvoBs,Career Ender ....  LOL,2013-07-28 17:13:58.000,00:00:26,Short,168324,4494,543
OJA1QK-j-Oo,I Bought A New Microphone!  (quality test),2013-07-27 23:25:01.000,00:02:55,Normal,178449,5479,609
q2HoSwCMcZw,Black ops 2 Patch news!,2013-07-24 20:35:32.000,00:03:53,Normal,161007,5329,853
X-g9aT2wFjM,Channel Trailer....,2013-07-06 18:17:45.000,00:00:49,Short,301287,10483,930
yyssjJEJMt4,"Minecraft, How To Grief Without Being Seen!",2013-08-14 21:39:31.000,00:01:03,Normal,373274,18233,1497
ObYLL97-SBA,How To Duplicate Diamonds!!!!,2013-09-15 01:09:42.000,00:00:37,Short,197578,6771,611
pHKlrJeKmjA,Black ops 2 Shotgun gameplay w/ commentary....  Ps4 or Xbox?,2013-07-06 00:13:48.000,00:06:02,Normal,277954,7008,843
H_DYlka7QAQ,Project Zomboid Let's Play ep [04] lots of stuff,2013-06-18 15:51:26.000,00:15:45,Normal,164394,6175,953
uUIlb2rpIuY,Epic Minecraft city! (w/ download link!),2013-04-11 01:00:01.000,00:02:34,Normal,417056,12011,1149
Ros1PpcO5Js,Pokemon online battle #9 [rb] Hidden power ice ftw!,2013-04-07 00:03:02.000,00:05:19,Normal,216017,8165,849
jkqd-oc0F00,"How To Get A Gaming Partnership, And What It Is.",2013-08-08 21:25:32.000,00:06:49,Normal,114414,3931,684
KYv1nqutbK0,Pokemon online battle #8 Stone edge,2013-04-05 01:21:12.000,00:05:27,Normal,209887,9248,1730
"7Yi-ctyTNU4",Online pokemon battle #7 [uu] 5-0,2013-04-04 01:43:46.000,00:04:21,Normal,267139,10716,1006
VN2-3OfUzd8,Magic karp sweeps whole team of LEGENDARIES!!!,2013-04-01 23:26:03.000,00:03:35,Normal,217896,8215,984
-2IFrMOM36w,Pokemon online battles #5 [uu] Heracross never seems to dissapoint me...,2013-03-31 20:49:28.000,00:04:28,Normal,217464,9295,1299
t8aM4HuVLrQ,This is a block? Since when lol.,2013-01-21 22:30:09.000,00:00:52,Short,948857,34822,4534
KL1X8NsVGd0,Top 10 Worst Guns in Call Of Duty History!,2013-07-25 21:36:56.000,00:04:19,Normal,225660,7689,693
pUwUAtmBKxw,Insane Black Ops 2 HACKER!!!!,2013-07-30 02:45:21.000,00:05:59,Normal,270032,7123,714
nPlqRbVFBHI,"Microwaving my iPhone, what happens next might shock you..",2017-08-20 19:37:51.000,00:05:36,Normal,2802653,123321,8445
IZVbzNRUlQI,"Reading The Longest English Word (190,000 Characters)",2017-06-02 22:00:01.000,01:54:49,Normal,35795023,816545,57350
anFxsa5jXrE,"I Searched 100 Dumpsters, Here's What I Found",2019-10-12 20:10:01.000,00:17:09,Normal,237116748,3221904,57294
rPXmbM2UEbU,"Giving $100,000 To A Homeless Person",2018-12-23 21:00:01.000,00:14:44,Normal,31595640,1021564,69765
tnTPaLOaHz8,"$10,000 Every Day You Survive In A Grocery Store",2023-12-02 17:00:00.000,00:21:32,Normal,526218682,7581899,89067
foLlul8Tl3E,"I Donated $50,000 To Ninja - Fortnite",2018-07-14 21:06:00.000,00:17:54,Normal,98761515,2141653,59216
Wdjh81uH6FU,"$1 vs $10,000,000 Job!",2023-11-25 17:00:00.000,00:15:39,Normal,318526342,4923399,62961
"1wtFD9zSQO8",The Dreaded Unanswerable Question,2016-02-29 23:56:41.000,00:04:30,Normal,221782,5396,382
rqUvnLPvbrM,Reacting To The Reaction Of The Reaction To The Reaction Of The Reaction Of The Reaction To The Reac,2017-02-22 00:00:04.000,00:33:29,Normal,7740898,321729,24571
zjC48c3ptt0,Scheduled Uploaded 6 Months Ago (REACTION),2016-04-06 21:02:02.000,00:05:22,Normal,152374,5331,487
"1gfgZhW3YgU","How Much Money Do Big Youtubers Make? (Pewdiepie, Markiplier, etc)",2016-04-22 21:02:56.000,00:03:48,Normal,128221,4817,452
EhZ9gHZOZT8,Beast Goes Camping (Didn't Go Wrong) (Didn't Go Sexual),2016-02-20 23:07:55.000,00:04:45,Normal,234720,5552,382
vuOTP206zWM,"Pewdiepie's Shoutout, What Would You Do If You Won?",2015-09-05 00:49:25.000,00:04:38,Normal,64658,2220,366
ZQZzR0DUujc,"New Optic Gaming Gear Coming To Advanced Warfare, My Thoughts",2015-08-01 16:47:55.000,00:02:31,Normal,64641,1957,458
"3IQdDBwc42o",Why Does This Video Have No Thumbnail?,2015-12-15 01:43:00.000,00:03:01,Normal,110960,4266,450
X9UiBpDHW3w,FaZe Clan Vs Pewdiepie Who Would Win?????,2015-07-21 18:51:04.000,00:02:51,Normal,77201,1304,171
"2jWZtKTN6jU",Reuploading Other Youtubers Videos? Stealing Big Youtubers Videos.,2015-07-30 18:23:18.000,00:04:14,Normal,64680,1628,266
GhppzOzN3MM,Battle of The Beasts Bracket!!!! (Not accepting anymore),2015-06-20 03:32:30.000,00:01:38,Normal,64671,1620,356
AjXbO2XfBkE,How Do You Turn Off A PS4? Xbox Noob In Need Of Help,2015-08-01 21:51:25.000,00:01:12,Normal,109270,2221,306
ywZy_Fo2ydo,Modern Art Is A Joke,2015-04-25 15:02:30.000,00:02:49,Normal,64647,1616,244
W2skFWRk6qo,PewDiePie Uploads A Fake Video! LOL,2015-01-01 18:56:04.000,00:02:35,Normal,95695,1681,216
NCv0drAPm_M,Minecraft Build-off Fun!!!!!,2014-06-09 12:00:07.000,00:03:33,Normal,82294,2117,224
X_qd-1xSTFA,Pewdiepie Was On T.V.,2014-12-07 17:51:08.000,00:02:29,Normal,173769,3593,408
h77pHTSPSiw,"""Beast"" Channel Trailer",2014-03-28 21:01:57.000,00:02:01,Normal,76968,1945,239
xu1nhAfnMGA,How Much Money Does Syndicate Project Make????? 2016,2015-02-24 20:26:12.000,00:03:23,Normal,101199,1277,256
"2ljWxaMvE_0",Hacker in Ghost???? I Couldn't Kill Him.,2014-06-22 00:27:19.000,00:00:36,Short,64656,1834,424
LMe7k8I082w,Should College Athletes Be Paid?????,2014-03-29 00:18:35.000,00:04:36,Normal,99632,2068,310
IQYW_lVBYGo,How Much Money Does KyR's Speedy's Crew Make?????,2014-03-02 18:14:47.000,00:02:54,Normal,109159,2095,314
TgCm8oDmxOk,I Crashed One Of The Most Expensive Cars In The World,2025-03-14 16:00:00.000,00:00:16,Short,122382435,2641000,7437
zo7i8VTpfNM,"How Much Would You Risk For $500,000?",2025-09-27 16:00:04.000,00:25:26,Normal,139173213,2316476,32328
Wz1VHTZq16c,Minecraft Let's Play Ep. # 2 - Having Fun and Derping!,2013-08-12 01:53:18.000,00:14:58,Normal,207593,7683,869
"0yPgljFcTR4","Subscribe to Win $50,000",2025-05-07 16:00:01.000,00:00:15,Short,94777394,4450138,172006
ZGvn9ywXjpY,Feastables vs Reese’s Taste Test with @gordonramsay,2025-06-10 16:00:02.000,00:00:33,Short,517920725,8201859,25910
ov0KQthQ50U,Project Zomboid Let's Play ep. [03] Looting and storing.,2013-06-17 02:17:34.000,00:24:34,Normal,157248,5952,1126
dPxAFqs2eYE,"Epic Ghost Multiplayer EasterEggs! (PrisonBreak, Sovereign, and Flooded)",2013-11-17 18:26:11.000,00:01:40,Normal,128055,3499,349
zxuICI0kL3s,"Don’t Turn Around, Win $10k",2025-07-31 16:00:01.000,00:00:31,Short,512681221,8386246,13524
pS-fFdvyHLE,How Much Tape To Stop A Lamborghini?,2024-11-08 17:00:00.000,00:00:15,Short,798055935,14162315,21864
kPa_S6jN9ls,Could You Win This Obstacle Course?,2025-03-25 16:15:01.000,00:00:34,Short,115686814,2011603,10544
"8_gdcaX9Xqk","Would You Split Or Steal $250,000?",2024-05-03 16:00:00.000,00:01:00,Normal,233775366,11887257,30574
n7x4Jj9pdH8,World’s Most Expensive Bed,2023-10-31 17:00:01.000,00:00:48,Short,558800449,21931092,39053
q0OK-zHnvnA,Can A Glowing 1000 Degree Sword Slice A Car In Half?,2018-09-06 21:09:00.000,00:09:58,Normal,70076990,1137201,37616
FD-0KG-h2-c,Gordon Ramsay Tries Most Expensive Chocolate Bar!,2022-11-19 20:59:59.000,00:00:40,Short,871806066,31066025,55970
FM7Z-Xq8Drc,"Ages 1 - 100 Fight For $500,000",2023-05-27 21:14:59.000,00:25:36,Normal,466136736,6741259,119152
tWYsfOSY9vY,I Survived 7 Days In An Abandoned City,2024-03-02 17:00:00.000,00:17:24,Normal,354199086,6788810,201672
NZR4WEjpOQg,Winning A Game Of Fortnite In The Middle Of The Ocean,2018-04-25 22:09:02.000,00:09:44,Normal,31558723,779575,46681
"5Hg_QSIJm8I","I Gave $200,000 To People Who Lost Their Jobs (Corona Virus)",2020-05-07 19:59:59.000,00:15:19,Normal,47389261,1400133,63254
H1WBdh56Vq4,Spending 24 Hours In A City With No Laws,2019-05-07 21:00:01.000,00:14:29,Normal,192578291,3039372,67406
rWBOITBjitE,Could You Walk Up A Skyscraper?,2023-12-05 18:00:00.000,00:00:50,Short,508538130,15822735,31225
F6PqxbvOCUI,"Protect The Yacht, Keep It!",2024-05-11 16:00:00.000,00:15:08,Normal,177769164,4278030,80018
QqdUhn99E-s,High School Education Be Like (Paying Taxes),2015-10-14 21:10:31.000,00:02:46,Normal,68946,2170,240
UXw9jqgJNNc,"Youtube Stat News - Vevo Gets 10 Bil. Views A Month, Channel Milestones, and more!",2015-05-21 00:31:22.000,00:05:28,Normal,64645,2512,822
se50viFJ0AQ,Would You Fly To Paris For A Baguette?,2022-12-08 20:12:27.000,00:00:48,Short,1754262624,58204423,128625
"1WEAJ-DFkHE","$1 vs $500,000 Plane Ticket!",2023-04-01 20:00:04.000,00:12:20,Normal,562697036,9072575,176012
iengNekeTNo,Reading The Youtube Terms Of Service,2017-03-07 23:10:02.000,00:25:57,Normal,579792,19876,3561
"5V2B28OqfqM","I Spent $1,000,000 On Lottery Tickets and WON",2020-08-08 20:00:02.000,00:10:13,Normal,153214385,3420016,85404
_qAJMXfL6o0,"Would You Rather Have $100,000 OR This Mystery Key?",2020-06-13 20:00:01.000,00:17:55,Normal,289406478,4272918,121239
nM89Wl03Q4g,I Survived 50 Hours In A Maximum Security Prison,2021-06-26 20:00:02.000,00:12:34,Normal,300559720,4483763,99017
QJI0an6irrA,"30 Celebrities Fight For $1,000,000!",2026-01-07 20:00:09.000,00:41:58,Normal,127439436,2649035,118270
"7dYTw-jAYkY",I Spent 7 Days Buried Alive,2023-11-18 17:00:01.000,00:18:34,Normal,314936448,8293841,126513
Y6jC6VaO3j0,"Donating $100,000 To Streamers With 0 Viewers",2019-03-24 20:00:04.000,00:14:37,Normal,113981286,3620781,77388
mpZWt5pGKZ8,The Real Way Dinosaurs Went Extinct,2018-06-28 21:12:01.000,00:05:51,Normal,29729872,805967,43500
umRLkCrmwcs,My Problems,2015-05-01 02:23:50.000,00:04:07,Normal,82230,2103,246
rHoLyltYDtQ,Ma Channel,2015-04-29 23:50:00.000,00:02:48,Normal,64642,1727,308
yeHjsYQ076A,Remember When COD Was Fun?,2015-04-26 21:26:36.000,00:03:36,Normal,64900,1869,403
vbph9F_pRNI,I Donated $1000 Every Time She Blinked - Fortnite Streamers,2018-06-24 21:10:00.000,00:15:46,Normal,21893489,638924,24396
h5uE4ERMiTk,Screw Warface,2015-05-02 21:41:18.000,00:03:37,Normal,64698,1635,276
pqrdPu2ESFo,My Baby Got a Virus :(,2015-04-25 22:34:19.000,00:02:55,Normal,87335,1753,234
qr4v9pdfVlU,Cheat Channels,2015-04-24 01:53:38.000,00:03:34,Normal,64643,1798,400
hgiPX33AHas,Time,2015-04-22 21:33:54.000,00:01:54,Normal,100125,1909,172
oZ-Mn5p1xMw,"2,000 Subscribers",2015-04-18 18:45:34.000,00:02:25,Normal,443357,22603,3891
"5UPa_hu5opg",Youtube,2015-04-14 22:39:24.000,00:04:37,Normal,112039,2460,238
zv_oq5UNDAo,"How To SAT, Get Into Yale",2015-04-13 11:08:02.000,00:04:05,Normal,65966,1415,197
NiqkH7qVW0U,"100k Subs With No Videos????",2015-04-11 16:51:40.000,00:04:19,Normal,502147,9710,2795
"7YOzgk-U4EU",How Rich Is Buzz Feed???,2015-04-07 11:16:50.000,00:03:25,Normal,80564,1220,204
-z349CGAOXs,Horse racing map for new update! (minecraft),2013-04-21 16:37:08.000,00:01:28,Normal,243056,8431,978
pzlPJmNyepA,What is Crohn's Disease?????,2015-04-04 20:31:25.000,00:07:03,Normal,562617,18541,1224
QNoqAnJOSqU,What Happens If You Get A Copy Right Strike??,2015-04-03 19:45:11.000,00:03:52,Normal,190020,4605,545
kzIA4vKyhRQ,"5 Steps To Becoming Successful On Youtube",2015-04-02 23:10:02.000,00:03:13,Normal,216104,9153,775
"2-ErX5oDzwM",History Of COD Part 2! Black Ops 1 - History Of COD On Youtube!,2015-06-13 21:34:28.000,00:10:49,Normal,64669,1368,185
boBokLXe5o8,Is Jacksepticeye A Millionaire?????? 2016,2015-04-09 23:07:38.000,00:03:10,Normal,250680,3733,675
WYKZz3Zygdc,Hellstrikes vs 7 halos!,2013-12-27 00:27:31.000,00:01:36,Normal,100256,2173,421
jlpAON0ePME,Battle pirates Hellstrike fail!,2013-12-18 22:31:02.000,00:00:47,Short,83802,2152,361
xvIpibLjs5k,"Battle Pirates, Another Hellstrike Fail.",2013-12-18 23:47:57.000,00:00:57,Short,84066,2150,377
vBEGODNmdas,Are Minecraft Faction Has A New Pet! (poopymiscquidlepants),2013-10-31 20:44:54.000,00:00:15,Short,119910,3124,343
"5U2fmvh9_Is","Battle Pirates, Hellstrike vs Epic Base!",2013-12-24 00:00:20.000,00:00:58,Short,84104,2102,380
KrLj6nc516A,"$1 vs $100,000,000 Car!",2023-09-16 16:00:01.000,00:16:28,Normal,563936635,8183690,159536
bIZ5_L1ru2w,Funny Noob Tubing Reaction Montage!,2013-08-16 03:04:45.000,00:02:29,Normal,146240,3952,457
zgLhCT7aFCA,Extreme Home Makeover!,2023-09-12 17:00:00.000,00:00:57,Short,439784460,20353037,49977
WROMyJAJmp4,Can I Beat An F1 Driver?,2025-11-18 17:00:01.000,00:00:11,Short,365373865,3019856,13031
HISfrcjiNPM,I Surprised 50 Make-A-Wish Kids With Disneyland,2025-11-21 19:40:01.000,00:00:29,Short,49232372,1089223,13622
L5kIXRdwGAI,Katana Vs Bullet,2023-09-07 17:00:01.000,00:00:41,Short,1178448732,38430562,54247
RaDRWNz3Al4,"Battle Pirates, Hellstrike Too Overpowered????",2013-12-14 15:58:11.000,00:02:40,Normal,83323,2195,331
LyFMbY-c_Lc,I Raced Noah Lyles,2025-11-14 17:00:01.000,00:00:32,Short,422541929,4742255,11948
ZV7rU6lnAKQ,"$200,000 Youtuber Battle Royale",2019-03-12 22:00:00.000,00:13:36,Normal,57142928,1740672,141751
qrIh-ZHN4-E,World's Hottest Substance Vs Coldest Substance,2018-06-30 21:09:00.000,00:11:52,Normal,97797403,1789053,53785
Ooke4YZv8Ts,Surviving 24 Hours Straight In A Desert,2019-03-16 20:05:00.000,00:14:04,Normal,191057386,3445926,96688
"19NmWqv4Alk",How Many School Buses Can We Stack?,2023-09-05 16:59:57.000,00:00:45,Short,526045681,15641945,29551
I046_n20d3s,Standing Still For 24 Hours Straight - Statue Challenge,2019-02-22 22:05:59.000,00:18:16,Normal,125871018,2045078,36712
"2nd73lyvq4w",Giant Monopoly Game With Real Money,2019-02-15 22:05:00.000,00:14:55,Normal,139460037,2496213,68211
"3RmOvxilbPM","100 People Vs World’s Biggest Trap!",2025-11-08 17:00:00.000,00:30:43,Normal,120802628,1992646,84884
R7MkZL5i3FQ,Giving Trick-or-Treaters Weirder and Weirder Gifts,2025-11-07 17:00:05.000,00:00:27,Short,243439968,2201421,14211
"26QQE7EsnLA",MrBeast Lab Disaster!,2025-11-03 17:00:01.000,00:01:07,Normal,38450037,1419507,16925
PryTbmudhS8,Can We Stop World's Best Tennis Player,2025-10-31 16:00:02.000,00:00:23,Short,117293288,1691130,12681
Oo9EbArcQ1c,"I Saved 1,000 Animals From Dying",2025-10-25 16:00:01.000,00:17:36,Normal,202229204,3440008,61320
yWEUL3crU_E,I Baked a Cake In a Race Car,2025-10-21 16:00:01.000,00:00:38,Short,47878205,860743,8041
gtkqnhN0VkU,"Answer The Door, Win $10,000",2025-10-14 16:00:00.000,00:00:31,Short,109631106,2968584,67452
ZFoNBxpXen4,"Survive 30 Days Trapped In The Sky, Win $250,000",2025-12-20 17:00:01.000,00:37:26,Normal,193488023,3014641,112305
RB71Z-vVvCc,"Find The Real Celebrity, Win $10,000",2025-12-19 17:00:02.000,00:00:33,Short,235561239,4395058,15366
fO5FwBcCJBY,"Would You Date Him for $10,000?",2025-12-12 17:00:03.000,00:00:33,Short,163844077,3881125,25133
U-x6KxH1kB4,How Many People to Pull a Plane?,2025-12-06 19:55:52.000,00:00:27,Short,46648037,950193,14052
"8bMh8azh3CY","100 Pilots Fight For A Private Jet",2025-12-06 17:00:01.000,00:28:46,Normal,150828508,1953568,74255
nuM0Z4a7kMs,I Spent 24 Hours Straight In Insane Asylum,2019-02-10 21:05:00.000,00:15:56,Normal,124140889,2355848,132990
LdMx2U5tby0,"$60,000 Extreme Hide And Seek - Challenge",2020-01-17 21:00:01.000,00:17:59,Normal,180201508,2995085,50729
SE9xF1l3ZwE,"Hit The Target, Keep The Prize",2025-12-05 17:00:03.000,00:00:26,Short,58199825,1268634,10441
rF00lQ_upzg,"Whatever You Hold Onto, You Keep",2025-12-02 20:00:01.000,00:00:26,Short,75804675,990849,12257
AWBsoArakNY,Who Has The Fastest Reaction Time?,2025-11-25 17:00:00.000,00:00:31,Short,90988459,1858543,8681
Ah_uuTwGOYU,World's Strongest Man Vs Robot,2025-11-22 17:00:01.000,00:18:24,Normal,129003952,2114617,67636
iUzi5JmJNWc,Surprising Strangers With 100 Zombies - Experiment,2019-03-03 22:04:59.000,00:09:49,Normal,61527514,1785398,55205
"9cCpZl8euLI",I Gave A Homeless Man A Home,2019-02-28 22:06:00.000,00:12:57,Normal,89402559,2234756,110974
dBxOYE2j55U,Make This Video The Most Liked Video On Youtube,2019-01-16 22:05:01.000,00:13:11,Normal,155948597,30222738,309806
Rmf6T_Ewt38,Tipping Waitresses With Real Gold Bars,2019-06-21 20:00:01.000,00:12:07,Normal,70992272,1821480,83441
Qhdj_Umh1IE,Motivation For Youtubers #6 LAST ONE,2016-05-24 15:00:01.000,00:02:59,Normal,170551,6584,523
B9LizOAAoLg,I’m Granting Wishes For My Subscribers,2026-05-07 16:00:00.000,00:00:17,Short,612395276,5236087,1033161
fN_RQFqaGHI,How Many Licks Does It Take To Get To The Center Of A Tootsie Pop?,2016-05-19 21:00:01.000,00:12:37,Normal,398994,12322,2501
hC3xW8xeCDs,Motivation For Youtubers #5,2016-05-15 21:00:01.000,00:02:28,Normal,214671,9183,573
dqpCvSU-ECE,Can He Make This Shot?,2026-05-17 16:00:00.000,00:00:13,Short,228927126,1657431,18730
UtnsWzaoRtg,World's Largest Game Of Dodgeball,2019-07-12 20:05:00.000,00:11:17,Normal,93875767,1709467,56849
vaIgyRoUkQI,I Didn’t Eat Food For 30 Days,2022-07-02 20:00:02.000,00:13:04,Normal,132149912,4372963,106699
hD1YtmKXNb4,"$10,000 Every Day You Survive Prison",2022-04-09 20:00:00.000,00:13:59,Normal,247979143,5641036,127505
NDsO1LT_0lw,I Spent 100 Hours Inside The Pyramids!,2025-02-08 17:00:00.000,00:21:43,Normal,234035382,5375411,100773
"9yrdFAJUSaU","Donating $100,000 To Shroud In Real Life",2019-04-04 21:05:59.000,00:14:14,Normal,32397579,872886,19822
qPBtTPJHS0Q,I Advertised Pewdiepie At The Super Bowl,2019-02-04 22:00:01.000,00:12:45,Normal,45314447,1243258,63933
"0IJulOmiz28",Ages 1-100 Try Lunchly,2026-01-20 17:00:02.000,00:00:40,Short,11398783,440882,14315
A-vX1AGBGsc,"Pass All 12 Grades, Win $10,000",2019-01-31 22:05:00.000,00:17:31,Normal,239357860,3571609,142792
i2O6GMpNWGo,"Last To Leave The Tesla, Keeps It Challenge",2019-03-29 21:05:00.000,00:18:29,Normal,122585403,2092908,44662
"9Y2sAtN5yRs",Gunpowder plus mod! (Grenade mod) Epic explosions for minecraft.,2013-04-21 18:04:39.000,00:02:38,Normal,243819,8474,864
jP82d277Cc8,Harry Potter Mod In Minecraft! EPIC MUST SEE MOD!!!,2012-03-09 23:29:03.000,00:03:59,Normal,6706518,,10349
XDe5f8BEvwY,"Youtube Networks Requirerments. (Machinima, TGN, 8byte....)",2014-04-01 16:37:55.000,00:04:46,Normal,100693,1459,197
BtCGABBPH9s,Two Years of Youtube.,2014-03-31 16:31:32.000,00:04:31,Normal,524016,10532,1075
KJ_C_NSl0P8,"How Much Money Does ""Element Animation"" Make?????",2014-03-30 23:40:18.000,00:03:29,Normal,217103,4099,453
LI8nWXeYtOs,"How Much Money Does ""Skydoesminecraft"" Make????",2014-03-30 01:52:06.000,00:02:47,Normal,87294,1756,395
JUiijjJOInw,What It Takes To Be A Full Time Youtuber...,2014-03-27 19:00:05.000,00:04:41,Normal,67851,2033,494
gpbY6zCEBv4,How Video Games Boosted My SAT Score. Lol,2014-03-26 23:59:45.000,00:02:57,Normal,70260,1860,254
Kgu2ApayYvI,How Much Money Do I Make?????,2014-03-16 01:24:25.000,00:04:10,Normal,167645,5108,683
S9PIukDRcvk,Update,2014-03-13 00:19:29.000,00:04:21,Normal,78757,2060,372
MC-7ziNt_U4,Project Zomboid let's play ep. [02] Just some chores.,2013-06-15 19:54:37.000,00:14:20,Normal,157652,6223,1074
PNsF1Uh5yP8,Project Zomboid Lets Play ep [01] Roughing it out!,2013-06-15 00:03:38.000,00:19:54,Normal,277226,9558,948
JgJrQnDIRgg,"First to Answer the Phone, Wins $10,000",2025-10-17 16:00:00.000,00:00:46,Short,138026342,2526352,11028
PXevNM0awlI,"Highest Away From Me Wins $10,000",2025-02-28 17:00:00.000,00:00:50,Short,671852759,12586646,13970
XW1TsAVdXsw,BEST INTROS ON YOUTUBE #1,2016-06-01 20:42:11.000,00:03:05,Normal,28583446,810804,27301
IiW2smvEcBM,I Opened The World’s Cheapest Store,2019-01-26 21:05:00.000,00:15:19,Normal,41789059,1142075,82131
q6Qw8mUVTrE,I Put 10 Million Legos in Friend's House,2019-01-18 22:04:59.000,00:15:17,Normal,119931621,1736568,62250
xGJEPTCw9GU,"18th Birthday QNA - Mom's Hair Dryer Age?",2016-05-07 21:00:00.000,00:03:52,Normal,413003,15827,871
FmjsePPBbdU,WORST MEMES AND TRENDS ON YOUTUBE!,2016-05-01 21:00:00.000,00:03:51,Normal,652180,13056,1335
lMLEcUXz6T8,Cereal Commentary,2016-04-28 00:36:58.000,00:05:39,Normal,185695,5799,640
"67Wj-0OyKOM",Youtube ad.,2014-04-20 20:26:16.000,00:00:38,Short,597786,10748,445
LWstCINhd8g,Impossible,2014-04-20 01:45:45.000,00:03:53,Normal,96458,2872,353
cRPldarzw-M,"1k Subs",2014-04-13 23:53:33.000,00:03:15,Normal,17644444,1273795,88504
tusuuI7MEJU,Should I join FaZe?????,2014-04-04 19:44:52.000,00:03:30,Normal,993062,19143,1859
pzxtGL9kzPs,Try Not To Get Slimed,2026-04-24 16:00:00.000,00:00:32,Short,116075237,1320965,12613
yy-Nt0dRhNI,Winner Picks Our Honeymoon,2026-04-21 16:00:02.000,00:00:52,Short,118819832,2002975,17082
zRtGL0-5rg4,"Last To Leave Grocery Store, Wins $250,000",2026-04-18 16:00:01.000,00:42:57,Normal,152934606,3159685,167444
QAkEMtJpq3c,"Hit The Button, Win $1,000",2026-05-15 16:00:10.000,00:00:22,Short,546397330,3070632,76608
GpQSUjNsNm0,"7 Days Stranded in The Arctic",2026-05-30 16:00:02.000,00:32:15,Normal,75039565,2219758,91633
EdT5Z16Y5WE,"Would Your Dog Pick $10,000 or Steak?",2026-04-29 16:00:05.000,00:00:32,Short,57710038,1259954,11254
hCuqh2NU2Yg,World's Fastest Date,2026-05-12 16:00:07.000,00:00:32,Short,258406287,3866875,18664
nnrklVhj8lk,"Subscribe for $10,000",2026-06-05 16:00:03.000,00:00:14,Short,149578627,1118474,42091
SllXaJiQjBA,Every Youtube Play Button,2026-05-19 16:00:02.000,00:00:18,Short,255244840,2054998,31159
feu5PQvoCiA,Asking My Fiancée on a Date,2026-05-03 16:00:11.000,00:00:09,Short,14384215,395077,11933
rqsRdfdN4uI,Guess The Animal,2026-05-05 16:00:02.000,00:00:47,Short,446134580,4550986,15259
y1UVAtHALaA,"I Surprised a Random Subscriber With $10,000",2026-05-29 16:00:07.000,00:00:36,Short,185029208,4542558,54180
AaMdXZMvT3w,"Survive 30 Days On An Island With Your Ex, Win $250,000",2026-05-16 16:00:01.000,00:39:09,Normal,81545740,1791496,133663
hYahU_Cqwp8,YouTube CEO Has A Surprise For Me,2026-05-22 16:00:04.000,00:00:33,Short,232636401,2709078,32109
ScjQAcbA9e4,Important Announcement From The Grocery Store,2026-04-28 16:00:24.000,00:00:13,Short,17329226,542368,16029
"6wsFjjhZPJI","Last To Leave Revolving Door Wins $50,000",2019-07-02 20:00:01.000,00:13:44,Normal,171518262,3710197,179755
_sBRk9ADpK8,"Flip a Coin, Win $30,000",2026-01-27 17:00:03.000,00:00:47,Short,1141386209,8785960,40168
LnlKwzc_TNA,"Would You Swim With Sharks For $100,000?",2022-03-19 20:02:32.000,00:09:01,Normal,207101756,4173927,86089
VEGq2Du_HCw,"Subscribe for $10,000",2026-05-01 16:00:01.000,00:00:14,Short,653657496,3876567,63670
kNLr-cduzuo,Wait... Was He Famous?,2026-01-25 20:00:01.000,00:00:14,Short,168735850,3729251,32522
pAnGwRiQ4-4,"$1 vs $1,000,000,000 Futuristic Tech!",2026-01-24 17:00:01.000,00:23:04,Normal,150227886,3125036,89829
ws694xrKopA,"Can 50,000 Magnets Catch A Cannon Ball?",2019-07-20 20:00:02.000,00:09:29,Normal,136336060,2219313,46228
JFtlf8RoPZY,Trapped On An Island Until I Build A Boat,2026-03-21 16:00:00.000,00:30:13,Normal,136012334,2857478,117550
jCE1Ol3PYDs,"I Hid $1,000,000 In This Vault",2026-03-20 16:00:03.000,00:00:58,Short,106754631,2125809,19006
IqL-ZunFfpk,"Pop The Balloons, Win $10,000",2026-03-17 16:00:04.000,00:00:22,Short,93432580,1795613,13149
purAsH7pXTQ,"5 Strangers Split $100,000",2026-03-13 16:00:00.000,00:01:04,Normal,80926393,2178206,21161
IEuDUhGIJ5c,My Chocolate Factory Blew Up,2026-03-10 16:00:01.000,00:01:10,Normal,18888040,928992,19917
A9TikdsD5eg,"500 Million Subscriber Livestream!",2026-06-11 17:20:37.000,00:00:00,Short,622055,112780,0
mFWpUx3FiyU,Guess The Animal,2026-04-17 16:00:01.000,00:00:45,Short,170826763,2513501,11909
"6W_841xoprg",Can a Window Stop a Wrecking Ball?,2026-04-14 16:00:01.000,00:00:30,Short,90206717,1839029,11695
VIJLIo5yT1I,Don’t Eat The Spicy Yoshi Egg,2026-04-10 16:00:00.000,00:00:56,Short,142679516,2405700,13250
uNu6XEPTy5g,$1 or Mystery Vial?,2026-04-07 16:00:04.000,00:00:35,Short,49644668,1441082,14660
DXVHmGoCTco,"50 Streamers Fight for $1,000,000",2026-04-04 16:00:01.000,00:49:31,Normal,109689479,2597826,170417
EvqtfK_RaRg,This obstacle course is WILD,2025-01-10 17:00:00.000,00:00:32,Short,244069176,4130088,5823
"3cWm9B_0_kI",How Many People To Stop Ronaldo?,2024-12-27 19:00:00.000,00:00:21,Short,635389093,12751564,32945
qtWqHIx8Z-o,"Last Person Standing Wins $10,000",2024-12-22 17:00:01.000,00:00:48,Short,734917751,14074144,11493
skEf9R0TXkM,My Upload For ThunderstruckGaming,2015-07-25 22:35:54.000,00:03:40,Normal,64648,1580,298
CnMv_zTXZ38,Best FNAF 4 Fake Reactions! So Funny lol,2015-07-25 16:38:00.000,00:02:27,Normal,98118,2810,370
_f6xCA0-gAo,Fanboy Opinions On Black Ops 3,2015-08-06 00:58:47.000,00:03:56,Normal,64646,1516,338
_JUlWtSCNbs,Who's The Strongest Streamer?,2026-04-03 16:00:06.000,00:00:26,Short,588145217,7476077,18741
AoN1K4c7VKE,"Survive 30 Days Stranded With Your Ex, Win $250,000",2026-03-07 17:00:02.000,00:30:04,Normal,126990135,2457007,150557
IcuJ3vO_t3k,Would You Steal Money From A Stranger?,2026-03-06 18:00:01.000,00:00:27,Short,83951689,2150038,10979
c9VS_cgInT4,"Subscribe, I’ll Double Your Bank Account",2026-02-28 20:00:03.000,00:00:31,Short,302410057,2823953,24308
KaUuPNYHFNg,I Built a School in Mexico,2026-02-22 17:00:00.000,00:00:40,Short,26215458,973957,16045
"5OLs1GWB4OA",I Built 10 Schools Around The World,2026-02-21 17:00:07.000,00:16:05,Normal,68449611,2369424,95862
hjkbqeWQAM8,"Every Step You Take, Win $1,000",2026-02-18 20:00:03.000,00:00:42,Short,121911719,1643213,9230
XbaZ45LVzzM,Surprising My Fiancée With A Chocolate Heart,2026-02-12 17:00:01.000,00:00:37,Short,106261922,2390264,17641
gar4U3n-ILY,Guess What Age Punched You,2026-02-09 17:00:00.000,00:00:37,Short,338971508,4767009,31593
"9WEQts7b8Pw","Ages 1 - 100 Race For $250,000!",2026-02-07 17:00:01.000,00:23:31,Normal,121459887,1727863,86408
"6Zy5VLcEbZc","I Stranded 100 People In The Wilderness For $250,000",2026-05-02 16:00:01.000,00:37:00,Normal,124074114,2516463,1393757
toIeUtplfWQ,Is Being Smart or Strong Better?,2026-02-06 20:00:08.000,00:00:40,Short,148915408,2674911,10030
hRBpDdWbUpI,Can My Fiancée Lift Me?,2026-04-27 19:01:02.000,00:00:17,Short,17192812,376344,8579
AKC50SZQFN8,Spreading Rumors About Streamers,2026-04-02 16:00:00.000,00:00:36,Short,16321313,439902,7903
"897gvApD6V4",Will a Zebra Subscribe to me?,2026-04-01 16:00:01.000,00:00:08,Short,690368793,3263618,21344
Z9NxQdQ8Rpg,"Bring Me A Glass Of Water = Win $10,000",2026-03-26 19:00:02.000,00:00:41,Short,39424462,1069967,14718
